(1831410) | 29546537,29546567,29546581,29546591,29546603,29546639,29546681,29546687,29546701,29546707,29546717,29546747,29546749,29546761,29546779,29546791,29546801,29546819,29546821,29546827,
(1831430) | 29546837,29546851,29546861,29546893,29546897,29546903,29546947,29546971,29546981,29546989,29547013,29547017,29547029,29547041,29547079,29547083,29547103,29547113,29547121,29547137,
(1831450) | 29547151,29547169,29547187,29547191,29547197,29547209,29547211,29547233,29547239,29547257,29547269,29547281,29547293,29547307,29547311,29547319,29547359,29547383,29547391,29547409,
(1831470) | 29547421,29547457,29547481,29547503,29547517,29547521,29547523,29547533,29547541,29547559,29547563,29547569,29547577,29547587,29547589,29547599,29547629,29547643,29547653,29547671,
(1831490) | 29547673,29547677,29547689,29547691,29547697,29547701,29547703,29547761,29547769,29547821,29547841,29547863,29547877,29547899,29547901,29547937,29547953,29547961,29547979,29548019,
(1831510) | 29548033,29548037,29548049,29548063,29548081,29548093,29548109,29548111,29548147,29548199,29548223,29548243,29548319,29548357,29548381,29548403,29548411,29548423,29548427,29548447,
(1831530) | 29548451,29548457,29548469,29548471,29548489,29548511,29548513,29548517,29548523,29548529,29548531,29548559,29548627,29548633,29548639,29548643,29548663,29548693,29548699,29548711,
(1831550) | 29548733,29548751,29548763,29548787,29548811,29548837,29548861,29548891,29548957,29548969,29548973,29548991,29549011,29549017,29549021,29549033,29549053,29549059,29549063,29549087,
(1831570) | 29549101,29549131,29549167,29549183,29549189,29549197,29549263,29549279,29549287,29549297,29549309,29549321,29549329,29549339,29549357,29549369,29549371,29549413,29549423,29549447,
(1831590) | 29549453,29549483,29549497,29549543,29549563,29549581,29549591,29549629,29549633,29549647,29549669,29549677,29549683,29549701,29549711,29549749,29549761,29549777,29549797,29549809,
(1831610) | 29549813,29549837,29549843,29549899,29549903,29549969,29550007,29550041,29550061,29550067,29550089,29550109,29550113,29550119,29550133,29550137,29550139,29550163,29550221,29550229,
(1831630) | 29550293,29550307,29550317,29550341,29550349,29550379,29550397,29550401,29550421,29550497,29550523,29550527,29550541,29550559,29550571,29550593,29550601,29550611,29550613,29550617,
(1831650) | 29550683,29550701,29550713,29550749,29550767,29550793,29550821,29550823,29550841,29550863,29550869,29550887,29550889,29550907,29550923,29550959,29550973,29550979,29551001,29551003,
(1831670) | 29551007,29551073,29551097,29551103,29551121,29551127,29551129,29551133,29551139,29551141,29551169,29551177,29551187,29551199,29551211,29551229,29551231,29551241,29551243,29551259,
(1831690) | 29551303,29551309,29551331,29551337,29551381,29551387,29551397,29551399,29551409,29551427,29551429,29551433,29551453,29551499,29551519,29551547,29551589,29551591,29551597,29551603,
(1831710) | 29551657,29551663,29551703,29551721,29551723,29551733,29551747,29551751,29551759,29551777,29551799,29551801,29551807,29551813,29551843,29551853,29551883,29551903,29551919,29551943,
(1831730) | 29551969,29551981,29551993,29552041,29552119,29552123,29552129,29552141,29552147,29552161,29552191,29552197,29552219,29552231,29552251,29552261,29552287,29552291,29552317,29552321,
(1831750) | 29552329,29552339,29552351,29552359,29552387,29552423,29552441,29552459,29552461,29552473,29552483,29552533,29552587,29552591,29552597,29552599,29552623,29552639,29552669,29552671,
(1831770) | 29552689,29552693,29552713,29552737,29552753,29552767,29552791,29552797,29552813,29552833,29552837,29552839,29552867,29552879,29552881,29552909,29552927,29552933,29552947,29552977,
(1831790) | 29552981,29553011,29553023,29553053,29553103,29553109,29553119,29553131,29553133,29553143,29553193,29553197,29553203,29553211,29553221,29553257,29553263,29553289,29553301,29553311,
(1831810) | 29553313,29553317,29553319,29553353,29553373,29553389,29553421,29553431,29553443,29553451,29553457,29553467,29553473,29553529,29553533,29553541,29553547,29553577,29553583,29553653,
(1831830) | 29553659,29553673,29553691,29553739,29553761,29553791,29553793,29553809,29553817,29553841,29553851,29553869,29553877,29553883,29553941,29553947,29553959,29553983,29554013,29554027,
(1831850) | 29554033,29554039,29554069,29554079,29554111,29554159,29554163,29554181,29554183,29554193,29554199,29554237,29554267,29554271,29554307,29554309,29554321,29554331,29554351,29554361,
(1831870) | 29554387,29554397,29554403,29554409,29554411,29554417,29554433,29554463,29554489,29554513,29554523,29554529,29554537,29554543,29554573,29554607,29554627,29554649,29554661,29554663,
(1831890) | 29554667,29554691,29554699,29554711,29554729,29554751,29554757,29554783,29554787,29554807,29554813,29554829,29554831,29554843,29554871,29554909,29554913,29554919,29554933,29554939,
(1831910) | 29554949,29554951,29554991,29555011,29555017,29555021,29555039,29555063,29555077,29555081,29555111,29555117,29555131,29555167,29555177,29555189,29555213,29555249,29555261,29555269,
(1831930) | 29555287,29555297,29555311,29555329,29555347,29555363,29555399,29555411,29555413,29555417,29555423,29555429,29555447,29555467,29555497,29555521,29555549,29555569,29555579,29555587,
(1831950) | 29555593,29555599,29555633,29555653,29555657,29555681,29555689,29555723,29555753,29555761,29555807,29555833,29555857,29555879,29555881,29555891,29555893,29555917,29555923,29555947,
(1831970) | 29555993,29556029,29556031,29556041,29556049,29556067,29556071,29556097,29556101,29556119,29556157,29556169,29556181,29556199,29556209,29556223,29556239,29556257,29556259,29556347,
(1831990) | 29556379,29556389,29556407,29556427,29556431,29556473,29556487,29556491,29556497,29556509,29556511,29556521,29556551,29556559,29556607,29556623,29556629,29556641,29556691,29556697,
(1832010) | 29556701,29556707,29556719,29556743,29556797,29556827,29556833,29556853,29556869,29556871,29556883,29556889,29556911,29556949,29556959,29556971,29556973,29556979,29556997,29557019,
(1832030) | 29557037,29557049,29557051,29557057,29557063,29557069,29557097,29557109,29557111,29557153,29557207,29557247,29557249,29557321,29557327,29557337,29557343,29557349,29557391,29557393,
(1832050) | 29557417,29557427,29557439,29557447,29557453,29557459,29557499,29557511,29557537,29557571,29557579,29557589,29557603,29557609,29557621,29557631,29557637,29557657,29557667,29557687,
(1832070) | 29557721,29557741,29557753,29557769,29557777,29557793,29557837,29557859,29557861,29557903,29557907,29557909,29557963,29557987,29558003,29558017,29558027,29558029,29558051,29558093,
(1832090) | 29558101,29558141,29558203,29558213,29558231,29558237,29558251,29558273,29558299,29558311,29558317,29558363,29558369,29558377,29558387,29558423,29558443,29558467,29558521,29558533,
(1832110) | 29558539,29558603,29558621,29558647,29558651,29558677,29558681,29558689,29558701,29558731,29558741,29558773,29558777,29558797,29558821,29558843,29558897,29558899,29558923,29558951,
(1832130) | 29558959,29558989,29558999,29559007,29559011,29559031,29559053,29559077,29559113,29559119,29559139,29559143,29559169,29559181,29559191,29559199,29559203,29559227,29559239,29559241,
(1832150) | 29559247,29559329,29559389,29559391,29559419,29559427,29559443,29559449,29559451,29559457,29559463,29559469,29559487,29559493,29559503,29559521,29559527,29559547,29559571,29559581,
(1832170) | 29559587,29559589,29559599,29559641,29559679,29559697,29559727,29559731,29559749,29559779,29559799,29559809,29559823,29559847,29559857,29559863,29559913,29559917,29559919,29559941,
(1832190) | 29559947,29559949,29559967,29559989,29560087,29560123,29560159,29560163,29560183,29560189,29560207,29560231,29560241,29560243,29560249,29560253,29560277,29560283,29560291,29560301,
(1832210) | 29560327,29560343,29560351,29560361,29560369,29560387,29560403,29560423,29560429,29560463,29560471,29560481,29560493,29560511,29560519,29560529,29560571,29560613,29560667,29560709,
(1832230) | 29560717,29560721,29560747,29560757,29560759,29560771,29560777,29560793,29560801,29560849,29560871,29560907,29560939,29561009,29561047,29561053,29561069,29561071,29561099,29561111,
(1832250) | 29561159,29561173,29561177,29561209,29561221,29561239,29561243,29561263,29561281,29561291,29561297,29561299,29561327,29561341,29561401,29561407,29561431,29561437,29561447,29561461,
(1832270) | 29561471,29561491,29561501,29561513,29561531,29561551,29561573,29561593,29561629,29561633,29561641,29561659,29561677,29561681,29561689,29561699,29561713,29561729,29561737,29561743,
(1832290) | 29561771,29561789,29561797,29561801,29561803,29561809,29561837,29561849,29561867,29561887,29561893,29561921,29561947,29561953,29562041,29562053,29562059,29562073,29562083,29562089,
(1832310) | 29562097,29562101,29562109,29562131,29562139,29562161,29562163,29562179,29562263,29562283,29562301,29562311,29562317,29562319,29562349,29562367,29562373,29562391,29562409,29562419,
(1832330) | 29562427,29562431,29562487,29562503,29562509,29562523,29562527,29562551,29562553,29562569,29562587,29562601,29562641,29562647,29562649,29562661,29562683,29562697,29562703,29562707,
(1832350) | 29562733,29562739,29562773,29562781,29562791,29562811,29562839,29562899,29562913,29562959,29562961,29562971,29562989,29563007,29563019,29563021,29563049,29563087,29563097,29563099,
(1832370) | 29563129,29563133,29563201,29563207,29563217,29563253,29563271,29563277,29563279,29563283,29563309,29563319,29563327,29563343,29563361,29563381,29563393,29563409,29563433,29563439,
(1832390) | 29563447,29563463,29563483,29563511,29563519,29563529,29563531,29563603,29563627,29563637,29563643,29563669,29563679,29563691,29563727,29563741,29563769,29563823,29563841,29563861,
(1832410) | 29563871,29563873,29563879,29563909,29563957,29564023,29564033,29564047,29564063,29564099,29564107,29564113,29564123,29564141,29564149,29564159,29564201,29564231,29564257,29564261,
(1832430) | 29564267,29564279,29564333,29564341,29564383,29564387,29564401,29564413,29564429,29564459,29564477,29564501,29564519,29564531,29564569,29564599,29564651,29564657,29564681,29564719,
(1832450) | 29564749,29564753,29564761,29564771,29564783,29564791,29564797,29564839,29564851,29564861,29564863,29564869,29564879,29564923,29564947,29564963,29564971,29565013,29565049,29565071,
(1832470) | 29565089,29565101,29565113,29565119,29565127,29565131,29565139,29565163,29565199,29565241,29565271,29565337,29565343,29565353,29565359,29565379,29565391,29565401,29565407,29565409,
(1832490) | 29565443,29565449,29565451,29565457,29565461,29565509,29565581,29565583,29565589,29565593,29565619,29565631,29565637,29565677,29565689,29565709,29565719,29565721,29565779,29565871,
(1832510) | 29565883,29565911,29565917,29565929,29565931,29565937,29565947,29565989,29566001,29566003,29566007,29566037,29566039,29566049,29566073,29566079,29566091,29566099,29566123,29566127,
(1832530) | 29566171,29566183,29566193,29566217,29566231,29566267,29566297,29566319,29566321,29566333,29566357,29566393,29566403,29566469,29566483,29566487,29566501,29566507,29566513,29566541,
(1832550) | 29566543,29566549,29566567,29566583,29566613,29566637,29566657,29566681,29566687,29566697,29566709,29566721,29566741,29566751,29566763,29566769,29566783,29566787,29566813,29566837,
(1832570) | 29566853,29566879,29566897,29566903,29566939,29566967,29566969,29566973,29566981,29566993,29567003,29567009,29567011,29567023,29567039,29567053,29567119,29567123,29567129,29567137,
(1832590) | 29567143,29567147,29567177,29567189,29567207,29567227,29567261,29567297,29567309,29567333,29567341,29567383,29567387,29567393,29567423,29567429,29567497,29567507,29567513,29567537,
(1832610) | 29567543,29567561,29567563,29567597,29567609,29567611,29567647,29567687,29567689,29567717,29567729,29567749,29567767,29567771,29567779,29567801,29567803,29567807,29567809,29567821,
(1832630) | 29567843,29567861,29567873,29567891,29567897,29567911,29567917,29567957,29567969,29567977,29567987,29567999,29568001,29568031,29568061,29568073,29568101,29568113,29568131,29568157,
(1832650) | 29568167,29568193,29568221,29568229,29568233,29568241,29568247,29568269,29568283,29568289,29568293,29568307,29568337,29568349,29568353,29568359,29568361,29568397,29568401,29568419,
(1832670) | 29568449,29568463,29568523,29568529,29568533,29568611,29568619,29568629,29568631,29568677,29568683,29568691,29568727,29568733,29568739,29568743,29568751,29568767,29568779,29568811,
(1832690) | 29568817,29568839,29568863,29568871,29568887,29568923,29568941,29568943,29568949,29568953,29568977,29568991,29569019,29569027,29569037,29569061,29569087,29569091,29569097,29569117,
(1832710) | 29569151,29569153,29569213,29569217,29569219,29569229,29569231,29569259,29569261,29569289,29569297,29569303,29569313,29569321,29569361,29569363,29569367,29569369,29569387,29569399,
(1832730) | 29569417,29569447,29569481,29569499,29569517,29569523,29569543,29569571,29569591,29569597,29569619,29569633,29569693,29569703,29569711,29569717,29569739,29569741,29569747,29569781,
(1832750) | 29569831,29569843,29569849,29569873,29569889,29569901,29569907,29569913,29569921,29569931,29569949,29569997,29569999,29570017,29570029,29570039,29570041,29570069,29570071,29570081,
(1832770) | 29570113,29570117,29570129,29570147,29570171,29570201,29570207,29570221,29570239,29570243,29570257,29570267,29570287,29570309,29570347,29570351,29570393,29570399,29570417,29570419,
(1832790) | 29570461,29570467,29570503,29570509,29570521,29570533,29570537,29570539,29570587,29570591,29570603,29570687,29570699,29570743,29570747,29570759,29570771,29570777,29570789,29570791,
(1832810) | 29570797,29570809,29570819,29570831,29570851,29570899,29570911,29571001,29571013,29571019,29571089,29571121,29571133,29571137,29571149,29571151,29571167,29571173,29571181,29571203,
(1832830) | 29571221,29571233,29571247,29571281,29571293,29571317,29571343,29571349,29571371,29571379,29571383,29571389,29571431,29571433,29571463,29571511,29571523,29571527,29571533,29571539,
(1832850) | 29571557,29571559,29571637,29571667,29571671,29571673,29571679,29571719,29571739,29571743,29571749,29571757,29571779,29571853,29571863,29571901,29571931,29571937,29571953,29571973,
(1832870) | 29572009,29572019,29572033,29572051,29572063,29572073,29572079,29572097,29572117,29572121,29572183,29572201,29572211,29572229,29572241,29572247,29572267,29572271,29572327,29572337,
(1832890) | 29572343,29572349,29572369,29572397,29572427,29572441,29572451,29572453,29572483,29572507,29572513,29572523,29572561,29572567,29572577,29572589,29572591,29572597,29572633,29572703,
(1832910) | 29572709,29572717,29572723,29572757,29572771,29572787,29572789,29572841,29572847,29572867,29572883,29572919,29572951,29572969,29572973,29572997,29573017,29573021,29573041,29573083,
(1832930) | 29573107,29573113,29573123,29573161,29573171,29573209,29573233,29573237,29573261,29573267,29573273,29573303,29573309,29573321,29573389,29573399,29573419,29573429,29573437,29573441,
(1832950) | 29573447,29573449,29573459,29573477,29573491,29573497,29573521,29573567,29573603,29573627,29573641,29573657,29573681,29573683,29573711,29573741,29573759,29573773,29573777,29573807,
(1832970) | 29573849,29573879,29573893,29573903,29573909,29573917,29573941,29573953,29573977,29573993,29574007,29574019,29574029,29574047,29574059,29574071,29574073,29574091,29574107,29574119,
(1832990) | 29574121,29574131,29574143,29574179,29574187,29574199,29574227,29574253,29574263,29574301,29574313,29574323,29574329,29574331,29574353,29574379,29574383,29574397,29574409,29574439,
(1833010) | 29574443,29574451,29574487,29574491,29574499,29574521,29574539,29574551,29574593,29574641,29574647,29574683,29574707,29574731,29574733,29574749,29574761,29574763,29574791,29574793,
(1833030) | 29574823,29574827,29574851,29574859,29574889,29574893,29574911,29574947,29574949,29574959,29574973,29574997,29575003,29575027,29575031,29575037,29575061,29575069,29575093,29575097,
(1833050) | 29575103,29575109,29575129,29575163,29575177,29575187,29575193,29575211,29575213,29575243,29575253,29575277,29575283,29575319,29575327,29575339,29575349,29575363,29575367,29575369,
(1833070) | 29575373,29575387,29575409,29575421,29575451,29575453,29575471,29575489,29575499,29575517,29575541,29575573,29575583,29575613,29575619,29575627,29575649,29575657,29575673,29575681,
(1833090) | 29575703,29575717,29575727,29575747,29575751,29575771,29575781,29575813,29575841,29575859,29575879,29575901,29575939,29575963,29575993,29576021,29576089,29576101,29576111,29576117,
(1833110) | 29576119,29576123,29576147,29576153,29576161,29576171,29576189,29576203,29576221,29576269,29576273,29576291,29576333,29576341,29576353,29576383,29576401,29576419,29576423,29576429,
(1833130) | 29576441,29576453,29576467,29576471,29576473,29576497,29576527,29576531,29576563,29576567,29576581,29576587,29576593,29576609,29576611,29576623,29576627,29576629,29576639,29576663,
(1833150) | 29576699,29576737,29576741,29576761,29576779,29576783,29576803,29576831,29576843,29576849,29576851,29576857,29576861,29576879,29576881,29576891,29576909,29576917,29576927,29576929,
(1833170) | 29576951,29576969,29576983,29576993,29577001,29577017,29577019,29577089,29577137,29577139,29577151,29577173,29577181,29577199,29577209,29577307,29577313,29577323,29577329,29577367,
(1833190) | 29577371,29577403,29577413,29577451,29577461,29577463,29577469,29577473,29577529,29577533,29577553,29577557,29577577,29577601,29577643,29577649,29577683,29577697,29577707,29577721,
(1833210) | 29577731,29577733,29577761,29577791,29577799,29577803,29577809,29577811,29577833,29577853,29577859,29577881,29577893,29577901,29577929,29577959,29577971,29577979,29577991,29577997,
(1833230) | 29578001,29578007,29578009,29578013,29578019,29578027,29578033,29578039,29578063,29578111,29578121,29578141,29578169,29578189,29578243,29578259,29578267,29578271,29578273,29578291,
(1833250) | 29578303,29578313,29578321,29578397,29578447,29578481,29578517,29578519,29578531,29578537,29578543,29578559,29578561,29578583,29578597,29578603,29578607,29578609,29578631,29578673,
(1833270) | 29578693,29578699,29578709,29578723,29578727,29578739,29578777,29578817,29578831,29578841,29578847,29578859,29578909,29578931,29578949,29578951,29578979,29578981,29579009,29579041,
(1833290) | 29579047,29579059,29579071,29579113,29579129,29579131,29579149,29579183,29579191,29579197,29579233,29579267,29579281,29579287,29579293,29579323,29579351,29579359,29579369,29579377,
(1833310) | 29579383,29579411,29579413,29579419,29579479,29579483,29579489,29579503,29579519,29579551,29579569,29579579,29579581,29579621,29579647,29579651,29579659,29579663,29579707,29579723,
(1833330) | 29579729,29579731,29579741,29579749,29579783,29579791,29579801,29579821,29579831,29579857,29579861,29579867,29579917,29579923,29579939,29579947,29579959,29579969,29579987,29580007,
(1833350) | 29580037,29580041,29580071,29580077,29580079,29580127,29580137,29580151,29580191,29580197,29580217,29580223,29580241,29580251,29580253,29580263,29580269,29580329,29580337,29580347,
(1833370) | 29580367,29580373,29580389,29580409,29580449,29580491,29580497,29580503,29580521,29580539,29580611,29580637,29580641,29580643,29580647,29580671,29580703,29580757,29580763,29580767,
(1833390) | 29580769,29580773,29580781,29580787,29580827,29580883,29580893,29580919,29580923,29580937,29580959,29580961,29580973,29580977,29580983,29581009,29581031,29581039,29581061,29581067,
(1833410) | 29581087,29581091,29581127,29581129,29581147,29581159,29581163,29581193,29581249,29581259,29581273,29581319,29581351,29581379,29581393,29581397,29581429,29581457,29581477,29581481,
(1833430) | 29581483,29581493,29581529,29581543,29581577,29581609,29581631,29581633,29581637,29581667,29581679,29581687,29581693,29581723,29581763,29581793,29581813,29581823,29581829,29581861,
(1833450) | 29581873,29581883,29581891,29581901,29581927,29581939,29581949,29581961,29581973,29582017,29582039,29582051,29582053,29582081,29582101,29582141,29582143,29582173,29582177,29582191,
(1833470) | 29582219,29582239,29582243,29582263,29582281,29582299,29582303,29582327,29582359,29582369,29582387,29582389,29582417,29582429,29582453,29582467,29582471,29582473,29582477,29582507,
(1833490) | 29582513,29582519,29582549,29582557,29582591,29582627,29582671,29582687,29582699,29582731,29582741,29582759,29582797,29582801,29582809,29582843,29582857,29582887,29582911,29582921,
(1833510) | 29582933,29582951,29582983,29582989,29583007,29583041,29583053,29583067,29583079,29583119,29583121,29583139,29583143,29583167,29583193,29583199,29583223,29583251,29583271,29583283,
(1833530) | 29583289,29583319,29583329,29583341,29583347,29583371,29583377,29583413,29583419,29583479,29583493,29583523,29583559,29583571,29583577,29583583,29583611,29583637,29583647,29583661,
(1833550) | 29583691,29583713,29583731,29583733,29583737,29583751,29583767,29583781,29583793,29583797,29583803,29583833,29583847,29583881,29583887,29583899,29583913,29583923,29583929,29583949,
(1833570) | 29583977,29583989,29583991,29583997,29584019,29584021,29584039,29584151,29584169,29584171,29584183,29584189,29584241,29584253,29584277,29584297,29584307,29584309,29584327,29584339,
(1833590) | 29584363,29584393,29584421,29584427,29584433,29584459,29584481,29584483,29584507,29584517,29584519,29584543,29584561,29584567,29584591,29584619,29584651,29584661,29584679,29584699,
(1833610) | 29584703,29584717,29584747,29584771,29584781,29584787,29584801,29584829,29584847,29584853,29584883,29584897,29584927,29584931,29584937,29584963,29584967,29584979,29584991,29585009,
(1833630) | 29585041,29585051,29585053,29585057,29585081,29585099,29585141,29585159,29585167,29585173,29585189,29585201,29585233,29585239,29585243,29585251,29585323,29585357,29585359,29585371,
(1833650) | 29585407,29585417,29585431,29585443,29585449,29585453,29585461,29585473,29585497,29585509,29585531,29585537,29585573,29585623,29585639,29585651,29585653,29585663,29585683,29585693,
(1833670) | 29585707,29585719,29585747,29585779,29585789,29585807,29585813,29585827,29585837,29585839,29585879,29585909,29585911,29585917,29585923,29585929,29585947,29585953,29585971,29585993,
(1833690) | 29586013,29586017,29586019,29586023,29586071,29586083,29586127,29586143,29586149,29586157,29586191,29586217,29586253,29586259,29586269,29586299,29586311,29586331,29586353,29586371,
(1833710) | 29586391,29586397,29586419,29586449,29586509,29586517,29586523,29586539,29586541,29586551,29586563,29586577,29586581,29586587,29586589,29586593,29586653,29586659,29586673,29586721,
(1833730) | 29586727,29586737,29586751,29586787,29586793,29586797,29586811,29586833,29586841,29586899,29586911,29586917,29586929,29586937,29586941,29586943,29586961,29587007,29587027,29587043,
(1833750) | 29587081,29587109,29587141,29587153,29587171,29587183,29587193,29587211,29587213,29587241,29587289,29587291,29587301,29587307,29587331,29587357,29587381,29587387,29587403,29587477,
(1833770) | 29587489,29587513,29587517,29587543,29587549,29587553,29587567,29587573,29587601,29587631,29587651,29587687,29587697,29587699,29587717,29587751,29587771,29587793,29587799,29587819,
(1833790) | 29587823,29587841,29587879,29587903,29587927,29587931,29587951,29587967,29587979,29587993,29588023,29588047,29588057,29588059,29588077,29588093,29588099,29588129,29588137,29588179,
(1833810) | 29588191,29588227,29588231,29588267,29588269,29588303,29588311,29588329,29588341,29588357,29588359,29588393,29588399,29588407,29588411,29588443,29588459,29588467,29588479,29588519,
(1833830) | 29588527,29588543,29588549,29588591,29588597,29588609,29588617,29588621,29588623,29588627,29588639,29588683,29588693,29588701,29588737,29588743,29588747,29588749,29588771,29588777,
(1833850) | 29588831,29588837,29588869,29588873,29588927,29588929,29588957,29588963,29588969,29588981,29588983,29588987,29588989,29589047,29589059,29589067,29589071,29589073,29589089,29589107,
(1833870) | 29589121,29589151,29589169,29589187,29589199,29589239,29589253,29589269,29589271,29589323,29589377,29589383,29589419,29589421,29589437,29589449,29589451,29589481,29589487,29589493,
(1833890) | 29589499,29589533,29589551,29589557,29589589,29589607,29589613,29589617,29589619,29589629,29589641,29589643,29589653,29589683,29589689,29589709,29589713,29589727,29589733,29589757,
(1833910) | 29589787,29589793,29589797,29589817,29589851,29589863,29589871,29589881,29589883,29589997,29590009,29590019,29590037,29590051,29590073,29590079,29590117,29590129,29590133,29590153,
(1833930) | 29590159,29590177,29590193,29590241,29590283,29590289,29590361,29590369,29590381,29590403,29590427,29590433,29590441,29590471,29590481,29590487,29590499,29590501,29590507,29590511,
(1833950) | 29590513,29590537,29590541,29590549,29590553,29590559,29590571,29590577,29590597,29590601,29590609,29590621,29590637,29590651,29590661,29590667,29590679,29590711,29590721,29590739,
(1833970) | 29590753,29590783,29590819,29590823,29590849,29590853,29590859,29590921,29590927,29590937,29590969,29590997,29591021,29591047,29591063,29591099,29591117,29591123,29591141,29591201,
(1833990) | 29591239,29591269,29591279,29591291,29591297,29591311,29591347,29591357,29591369,29591371,29591377,29591383,29591389,29591399,29591411,29591467,29591473,29591479,29591489,29591519,
(1834010) | 29591537,29591539,29591557,29591561,29591563,29591579,29591587,29591641,29591651,29591659,29591663,29591671,29591677,29591707,29591711,29591753,29591773,29591789,29591801,29591819,
(1834030) | 29591827,29591833,29591851,29591867,29591879,29591927,29591929,29591953,29591963,29592047,29592061,29592071,29592077,29592097,29592103,29592109,29592113,29592131,29592133,29592163,
(1834050) | 29592221,29592247,29592271,29592289,29592313,29592319,29592331,29592337,29592349,29592361,29592379,29592403,29592413,29592419,29592439,29592449,29592457,29592463,29592473,29592509,
(1834070) | 29592523,29592547,29592593,29592601,29592613,29592617,29592623,29592653,29592659,29592677,29592679,29592691,29592721,29592727,29592763,29592781,29592799,29592809,29592811,29592821,
(1834090) | 29592833,29592839,29592841,29592851,29592887,29592889,29592911,29592917,29592919,29592923,29592943,29592949,29592977,29592989,29593001,29593009,29593037,29593063,29593093,29593147,
(1834110) | 29593153,29593169,29593177,29593199,29593237,29593259,29593283,29593327,29593351,29593363,29593367,29593373,29593381,29593411,29593423,29593453,29593463,29593477,29593493,29593523,
(1834130) | 29593541,29593547,29593559,29593573,29593579,29593639,29593643,29593687,29593693,29593703,29593721,29593727,29593757,29593777,29593783,29593793,29593799,29593813,29593819,29593831,
(1834150) | 29593859,29593867,29593873,29593877,29593913,29593937,29593943,29593961,29593997,29593999,29594003,29594011,29594017,29594023,29594053,29594069,29594099,29594129,29594137,29594143,
(1834170) | 29594171,29594177,29594189,29594197,29594203,29594207,29594209,29594221,29594281,29594303,29594309,29594311,29594317,29594347,29594371,29594377,29594387,29594393,29594407,29594431,
(1834190) | 29594437,29594447,29594479,29594483,29594519,29594527,29594549,29594581,29594599,29594611,29594623,29594627,29594633,29594651,29594687,29594689,29594693,29594701,29594713,29594737,
(1834210) | 29594749,29594777,29594791,29594833,29594843,29594849,29594867,29594869,29594891,29594899,29594911,29594921,29594923,29594927,29594933,29594941,29594947,29594959,29594969,29595017,
(1834230) | 29595019,29595047,29595053,29595067,29595077,29595091,29595133,29595157,29595169,29595193,29595211,29595233,29595263,29595271,29595277,29595281,29595287,29595311,29595337,29595343,
(1834250) | 29595347,29595373,29595409,29595413,29595439,29595469,29595473,29595497,29595529,29595539,29595551,29595581,29595583,29595593,29595613,29595617,29595619,29595659,29595667,29595679,
(1834270) | 29595697,29595701,29595707,29595719,29595737,29595743,29595773,29595781,29595799,29595803,29595817,29595821,29595829,29595859,29595931,29595959,29595989,29596001,29596003,29596013,
(1834290) | 29596079,29596097,29596109,29596121,29596139,29596141,29596183,29596199,29596213,29596249,29596267,29596271,29596277,29596291,29596309,29596363,29596367,29596373,29596393,29596403,
(1834310) | 29596477,29596493,29596517,29596519,29596531,29596549,29596571,29596573,29596597,29596601,29596603,29596649,29596663,29596687,29596703,29596717,29596727,29596751,29596753,29596769,
(1834330) | 29596789,29596807,29596811,29596817,29596829,29596841,29596859,29596867,29596871,29596951,29596979,29596991,29596999,29597063,29597089,29597107,29597111,29597143,29597171,29597179,
(1834350) | 29597207,29597209,29597213,29597233,29597237,29597257,29597279,29597303,29597311,29597327,29597333,29597353,29597363,29597369,29597387,29597401,29597411,29597413,29597417,29597419,
(1834370) | 29597423,29597431,29597437,29597441,29597443,29597453,29597461,29597501,29597507,29597539,29597543,29597567,29597599,29597609,29597621,29597641,29597647,29597657,29597671,29597677,
(1834390) | 29597681,29597683,29597693,29597713,29597753,29597759,29597767,29597773,29597783,29597791,29597809,29597837,29597851,29597863,29597879,29597899,29597917,29597947,29597959,29598001,
(1834410) | 29598013,29598031,29598047,29598073,29598083,29598089,29598091,29598097,29598119,29598133,29598137,29598161,29598169,29598199,29598227,29598229,29598251,29598253,29598259,29598277,
(1834430) | 29598293,29598307,29598313,29598329,29598337,29598347,29598367,29598379,29598383,29598407,29598419,29598449,29598451,29598461,29598467,29598469,29598487,29598497,29598509,29598511,
(1834450) | 29598559,29598571,29598587,29598593,29598601,29598617,29598619,29598671,29598691,29598703,29598721,29598731,29598773,29598781,29598787,29598797,29598817,29598839,29598889,29598901,
(1834470) | 29598929,29598931,29598967,29598971,29599021,29599027,29599033,29599099,29599103,29599109,29599121,29599133,29599139,29599147,29599151,29599177,29599181,29599187,29599189,29599201,
(1834490) | 29599231,29599249,29599289,29599309,29599357,29599391,29599393,29599429,29599439,29599441,29599469,29599477,29599481,29599501,29599547,29599553,29599561,29599571,29599607,29599631,
(1834510) | 29599639,29599649,29599673,29599693,29599711,29599723,29599727,29599747,29599751,29599753,29599789,29599793,29599859,29599879,29599937,29599939,29599951,29599979,29599987,29599993,
(1834530) | 29600003,29600027,29600033,29600063,29600099,29600107,29600117,29600143,29600147,29600167,29600201,29600227,29600239,29600293,29600317,29600321,29600323,29600353,29600369,29600371,
(1834550) | 29600393,29600413,29600419,29600429,29600437,29600479,29600513,29600521,29600531,29600569,29600579,29600581,29600591,29600611,29600639,29600663,29600671,29600687,29600699,29600731,
(1834570) | 29600737,29600743,29600749,29600761,29600807,29600827,29600833,29600849,29600863,29600869,29600903,29600941,29600947,29600953,29600959,29600981,29601049,29601101,29601109,29601113,
(1834590) | 29601137,29601149,29601151,29601163,29601191,29601193,29601197,29601217,29601263,29601269,29601293,29601317,29601323,29601343,29601347,29601353,29601413,29601433,29601461,29601469,
(1834610) | 29601491,29601499,29601503,29601527,29601553,29601557,29601571,29601577,29601581,29601619,29601623,29601643,29601647,29601697,29601707,29601751,29601757,29601769,29601797,29601799,
(1834630) | 29601821,29601827,29601833,29601841,29601881,29601883,29601907,29601911,29601917,29601937,29601973,29601983,29601991,29602003,29602009,29602039,29602043,29602051,29602061,29602073,
(1834650) | 29602087,29602091,29602093,29602213,29602217,29602231,29602283,29602297,29602333,29602343,29602351,29602367,29602381,29602387,29602421,29602439,29602459,29602471,29602499,29602501,
(1834670) | 29602561,29602571,29602577,29602579,29602603,29602607,29602609,29602631,29602687,29602709,29602721,29602733,29602739,29602757,29602777,29602787,29602789,29602813,29602829,29602847,
(1834690) | 29602871,29602889,29602891,29602897,29602957,29603003,29603141,29603143,29603173,29603183,29603207,29603209,29603243,29603261,29603263,29603291,29603317,29603359,29603377,29603381,
(1834710) | 29603383,29603407,29603429,29603459,29603491,29603503,29603513,29603531,29603537,29603549,29603551,29603569,29603593,29603603,29603621,29603633,29603641,29603657,29603659,29603677,
(1834730) | 29603687,29603699,29603711,29603713,29603723,29603731,29603753,29603759,29603771,29603789,29603801,29603813,29603831,29603857,29603879,29603887,29603939,29603941,29603963,29603989,
(1834750) | 29604007,29604019,29604023,29604049,29604053,29604083,29604121,29604131,29604203,29604209,29604221,29604233,29604247,29604251,29604271,29604301,29604343,29604353,29604383,29604397,
(1834770) | 29604409,29604431,29604437,29604457,29604461,29604469,29604503,29604517,29604521,29604529,29604557,29604577,29604587,29604613,29604629,29604649,29604677,29604709,29604719,29604733,
(1834790) | 29604787,29604791,29604823,29604851,29604859,29604863,29604881,29604919,29604937,29604977,29605003,29605033,29605057,29605063,29605067,29605073,29605087,29605091,29605123,29605151,
(1834810) | 29605153,29605181,29605189,29605207,29605231,29605237,29605241,29605267,29605271,29605297,29605307,29605309,29605319,29605327,29605337,29605339,29605343,29605361,29605379,29605397,
(1834830) | 29605409,29605417,29605421,29605427,29605447,29605453,29605469,29605489,29605493,29605501,29605507,29605547,29605559,29605561,29605571,29605579,29605601,29605603,29605637,29605643,
(1834850) | 29605657,29605673,29605699,29605711,29605717,29605727,29605733,29605753,29605769,29605777,29605783,29605799,29605811,29605841,29605843,29605847,29605907,29605909,29605913,29605931,
(1834870) | 29605949,29605951,29605963,29605981,29605987,29605997,29606039,29606041,29606053,29606069,29606089,29606177,29606189,29606201,29606207,29606233,29606249,29606251,29606273,29606279,
(1834890) | 29606281,29606293,29606323,29606341,29606347,29606407,29606413,29606431,29606443,29606453,29606501,29606509,29606513,29606527,29606531,29606561,29606573,29606587,29606641,29606729,
(1834910) | 29606743,29606789,29606827,29606839,29606869,29606873,29606897,29606923,29606939,29606963,29606971,29606981,29606989,29607001,29607029,29607031,29607059,29607079,29607103,29607107,
(1834930) | 29607119,29607197,29607199,29607211,29607223,29607239,29607257,29607271,29607283,29607299,29607311,29607313,29607323,29607329,29607373,29607379,29607401,29607433,29607467,29607499,
(1834950) | 29607517,29607527,29607533,29607547,29607569,29607577,29607583,29607623,29607629,29607653,29607661,29607671,29607679,29607689,29607691,29607707,29607737,29607749,29607763,29607803,
(1834970) | 29607827,29607841,29607899,29607901,29607913,29607917,29607959,29607961,29607983,29608013,29608031,29608057,29608081,29608087,29608091,29608121,29608129,29608141,29608157,29608223,
(1834990) | 29608259,29608279,29608297,29608301,29608321,29608357,29608409,29608417,29608421,29608451,29608457,29608463,29608471,29608477,29608499,29608511,29608531,29608559,29608583,29608597,
(1835010) | 29608687,29608693,29608697,29608717,29608721,29608723,29608741,29608763,29608771,29608801,29608829,29608921,29608939,29608949,29608961,29608967,29608987,29609003,29609009,29609017,
(1835030) | 29609023,29609057,29609089,29609117,29609159,29609179,29609183,29609207,29609219,29609221,29609231,29609249,29609263,29609299,29609317,29609323,29609341,29609357,29609369,29609381,
(1835050) | 29609417,29609423,29609431,29609449,29609453,29609477,29609497,29609521,29609527,29609549,29609561,29609599,29609611,29609617,29609621,29609647,29609651,29609659,29609663,29609683,
(1835070) | 29609687,29609707,29609711,29609737,29609761,29609777,29609791,29609803,29609819,29609821,29609851,29609861,29609887,29609933,29609941,29609963,29609969,29610011,29610013,29610023,
(1835090) | 29610029,29610059,29610083,29610103,29610109,29610121,29610127,29610149,29610173,29610179,29610293,29610299,29610307,29610313,29610319,29610331,29610377,29610391,29610403,29610409,
(1835110) | 29610433,29610439,29610443,29610509,29610521,29610527,29610533,29610541,29610547,29610571,29610599,29610601,29610629,29610641,29610643,29610649,29610689,29610697,29610709,29610727,
(1835130) | 29610731,29610761,29610773,29610781,29610811,29610839,29610863,29610869,29610871,29610883,29610887,29610901,29611009,29611013,29611019,29611027,29611033,29611037,29611091,29611111,
(1835150) | 29611129,29611171,29611181,29611201,29611237,29611247,29611261,29611273,29611313,29611339,29611343,29611369,29611381,29611403,29611441,29611487,29611493,29611513,29611531,29611559,
(1835170) | 29611579,29611583,29611597,29611601,29611607,29611609,29611619,29611651,29611663,29611669,29611679,29611691,29611711,29611723,29611753,29611759,29611783,29611801,29611811,29611817,
(1835190) | 29611819,29611831,29611837,29611859,29611889,29611903,29611919,29611949,29611961,29611969,29611973,29611979,29611997,29612027,29612029,29612039,29612053,29612069,29612083,29612087,
(1835210) | 29612101,29612117,29612137,29612179,29612207,29612239,29612243,29612269,29612309,29612333,29612371,29612381,29612383,29612399,29612417,29612447,29612461,29612483,29612489,29612501,
(1835230) | 29612519,29612549,29612551,29612563,29612579,29612581,29612591,29612599,29612651,29612663,29612689,29612711,29612731,29612747,29612771,29612777,29612789,29612797,29612813,29612819,
(1835250) | 29612851,29612879,29612899,29612903,29612909,29612911,29612927,29612959,29612981,29613019,29613037,29613043,29613047,29613049,29613079,29613097,29613113,29613127,29613131,29613137,
(1835270) | 29613139,29613151,29613163,29613169,29613173,29613179,29613187,29613203,29613211,29613251,29613289,29613293,29613299,29613307,29613313,29613329,29613347,29613361,29613373,29613407,
(1835290) | 29613433,29613481,29613491,29613499,29613511,29613517,29613539,29613557,29613569,29613583,29613599,29613607,29613613,29613629,29613671,29613679,29613707,29613721,29613743,29613757,
(1835310) | 29613763,29613769,29613781,29613791,29613817,29613833,29613841,29613851,29613893,29613911,29613917,29613919,29613937,29613973,29613979,29614001,29614007,29614031,29614037,29614073,
(1835330) | 29614099,29614111,29614147,29614159,29614163,29614199,29614213,29614231,29614261,29614267,29614279,29614301,29614327,29614337,29614339,29614349,29614373,29614379,29614399,29614411,
(1835350) | 29614427,29614433,29614451,29614471,29614477,29614489,29614511,29614553,29614577,29614591,29614619,29614621,29614631,29614667,29614687,29614691,29614699,29614769,29614807,29614811,
(1835370) | 29614843,29614847,29614861,29614877,29614883,29614909,29614913,29614931,29614933,29614943,29614979,29615011,29615041,29615051,29615057,29615083,29615087,29615107,29615111,29615141,
(1835390) | 29615143,29615149,29615171,29615189,29615233,29615249,29615251,29615263,29615291,29615359,29615387,29615419,29615423,29615461,29615473,29615483,29615491,29615533,29615539,29615543,
(1835410) | 29615549,29615587,29615603,29615609,29615617,29615629,29615659,29615669,29615681,29615689,29615713,29615731,29615779,29615783,29615797,29615821,29615843,29615849,29615857,29615867,
(1835430) | 29615891,29615893,29615903,29615917,29615939,29615941,29615953,29615987,29616001,29616007,29616061,29616071,29616089,29616101,29616107,29616109,29616113,29616131,29616133,29616179,
(1835450) | 29616187,29616217,29616229,29616259,29616277,29616287,29616343,29616371,29616401,29616409,29616413,29616427,29616449,29616451,29616467,29616469,29616481,29616493,29616553,29616583,
(1835470) | 29616599,29616607,29616623,29616661,29616677,29616701,29616707,29616739,29616751,29616773,29616779,29616787,29616817,29616823,29616827,29616857,29616871,29616889,29616911,29616919,
(1835490) | 29616931,29616943,29616947,29616959,29617001,29617037,29617039,29617061,29617069,29617073,29617079,29617087,29617103,29617109,29617127,29617151,29617157,29617163,29617193,29617229,
(1835510) | 29617241,29617243,29617249,29617271,29617277,29617309,29617321,29617327,29617339,29617363,29617403,29617421,29617429,29617453,29617477,29617481,29617499,29617517,29617529,29617531,
(1835530) | 29617541,29617559,29617657,29617663,29617667,29617673,29617691,29617711,29617717,29617739,29617747,29617769,29617799,29617801,29617829,29617843,29617873,29617897,29617901,29617909,
(1835550) | 29617957,29617963,29617967,29617993,29618009,29618023,29618027,29618033,29618047,29618081,29618101,29618107,29618111,29618117,29618137,29618143,29618153,29618159,29618203,29618213,
(1835570) | 29618219,29618249,29618257,29618263,29618269,29618293,29618311,29618327,29618353,29618377,29618383,29618387,29618401,29618417,29618419,29618447,29618453,29618513,29618527,29618551,
(1835590) | 29618557,29618569,29618579,29618591,29618597,29618621,29618629,29618639,29618647,29618651,29618653,29618669,29618711,29618713,29618717,29618723,29618731,29618737,29618747,29618761,
(1835610) | 29618791,29618803,29618807,29618837,29618839,29618843,29618863,29618887,29618899,29618903,29618909,29618923,29618971,29618983,29618987,29619001,29619011,29619017,29619019,29619061,
(1835630) | 29619113,29619127,29619133,29619137,29619169,29619173,29619197,29619199,29619223,29619251,29619257,29619269,29619299,29619311,29619313,29619349,29619379,29619397,29619407,29619431,
(1835650) | 29619437,29619439,29619449,29619451,29619497,29619511,29619521,29619523,29619533,29619571,29619581,29619619,29619631,29619637,29619679,29619683,29619691,29619697,29619703,29619713,
(1835670) | 29619719,29619749,29619761,29619767,29619781,29619809,29619833,29619853,29619881,29619901,29619907,29619913,29619949,29619971,29619983,29620007,29620027,29620033,29620037,29620039,
(1835690) | 29620043,29620051,29620079,29620099,29620109,29620111,29620121,29620139,29620187,29620207,29620219,29620229,29620243,29620271,29620321,29620363,29620379,29620399,29620417,29620427,
(1835710) | 29620429,29620439,29620457,29620501,29620519,29620529,29620543,29620559,29620589,29620603,29620627,29620651,29620663,29620691,29620697,29620709,29620727,29620729,29620751,29620769,
(1835730) | 29620771,29620823,29620847,29620873,29620879,29620889,29620933,29620939,29620949,29620963,29620967,29620973,29621017,29621063,29621071,29621083,29621087,29621101,29621107,29621153,
(1835750) | 29621159,29621161,29621177,29621197,29621203,29621219,29621227,29621237,29621239,29621243,29621257,29621261,29621279,29621321,29621341,29621357,29621359,29621377,29621387,29621419,
(1835770) | 29621443,29621479,29621483,29621489,29621491,29621561,29621587,29621591,29621593,29621597,29621611,29621623,29621629,29621651,29621653,29621659,29621681,29621687,29621689,29621699,
(1835790) | 29621737,29621743,29621749,29621777,29621807,29621819,29621843,29621849,29621857,29621869,29621881,29621887,29621897,29621903,29621909,29621923,29621947,29621951,29621971,29621983,
(1835810) | 29621993,29622017,29622023,29622029,29622037,29622067,29622139,29622179,29622191,29622193,29622209,29622217,29622221,29622223,29622233,29622247,29622251,29622269,29622287,29622301,
(1835830) | 29622317,29622319,29622331,29622337,29622371,29622379,29622401,29622409,29622419,29622431,29622433,29622457,29622473,29622487,29622503,29622511,29622529,29622547,29622553,29622557,
(1835850) | 29622563,29622581,29622599,29622631,29622647,29622683,29622713,29622731,29622751,29622757,29622793,29622799,29622809,29622811,29622841,29622847,29622863,29622883,29622907,29622913,
(1835870) | 29622937,29622953,29622973,29622979,29623037,29623049,29623067,29623079,29623091,29623141,29623151,29623169,29623171,29623189,29623193,29623201,29623213,29623219,29623229,29623277,
(1835890) | 29623381,29623393,29623403,29623409,29623411,29623417,29623427,29623439,29623453,29623459,29623463,29623493,29623501,29623513,29623523,29623547,29623549,29623553,29623567,29623577,
(1835910) | 29623589,29623597,29623637,29623667,29623687,29623697,29623709,29623729,29623753,29623787,29623799,29623801,29623807,29623813,29623829,29623871,29623889,29623903,29623927,29623943,
(1835930) | 29623949,29623981,29623987,29623991,29623999,29624083,29624093,29624107,29624137,29624141,29624171,29624219,29624261,29624267,29624303,29624311,29624317,29624323,29624327,29624339,
(1835950) | 29624359,29624369,29624381,29624389,29624393,29624407,29624417,29624423,29624449,29624453,29624459,29624461,29624473,29624503,29624513,29624521,29624527,29624563,29624587,29624593,
(1835970) | 29624603,29624633,29624657,29624669,29624687,29624719,29624731,29624773,29624797,29624839,29624849,29624869,29624879,29624891,29624923,29624929,29624977,29624981,29625023,29625053,
(1835990) | 29625091,29625103,29625157,29625179,29625227,29625263,29625283,29625301,29625317,29625319,29625361,29625377,29625383,29625391,29625461,29625473,29625481,29625499,29625527,29625539,
(1836010) | 29625551,29625593,29625601,29625619,29625637,29625649,29625653,29625683,29625689,29625691,29625703,29625719,29625721,29625737,29625749,29625751,29625767,29625779,29625797,29625811,
(1836030) | 29625823,29625833,29625853,29625857,29625881,29625901,29625913,29625943,29625949,29625961,29625983,29626039,29626061,29626063,29626141,29626147,29626151,29626153,29626169,29626211,
(1836050) | 29626217,29626237,29626243,29626279,29626327,29626349,29626361,29626397,29626411,29626439,29626447,29626459,29626463,29626537,29626543,29626547,29626549,29626561,29626573,29626577,
(1836070) | 29626579,29626589,29626621,29626627,29626651,29626657,29626693,29626697,29626711,29626741,29626747,29626759,29626763,29626787,29626789,29626799,29626811,29626813,29626819,29626823,
(1836090) | 29626859,29626867,29626879,29626889,29626897,29626901,29626913,29626997,29627021,29627069,29627077,29627113,29627119,29627153,29627173,29627189,29627201,29627231,29627233,29627317,
(1836110) | 29627321,29627329,29627341,29627383,29627393,29627401,29627443,29627459,29627501,29627509,29627513,29627527,29627539,29627573,29627579,29627603,29627621,29627659,29627681,29627687,
(1836130) | 29627693,29627699,29627737,29627743,29627779,29627831,29627837,29627893,29627963,29627993,29628017,29628019,29628023,29628041,29628043,29628061,29628073,29628101,29628103,29628107,
(1836150) | 29628121,29628133,29628143,29628149,29628167,29628173,29628187,29628191,29628217,29628241,29628257,29628289,29628293,29628307,29628311,29628323,29628329,29628341,29628421,29628457,
(1836170) | 29628479,29628481,29628503,29628551,29628559,29628563,29628607,29628631,29628647,29628649,29628661,29628667,29628689,29628743,29628757,29628769,29628787,29628811,29628827,29628881,
(1836190) | 29628887,29628889,29628913,29628919,29628953,29628959,29628967,29628983,29629007,29629027,29629031,29629043,29629051,29629063,29629099,29629109,29629111,29629121,29629177,29629207,
(1836210) | 29629231,29629241,29629247,29629261,29629277,29629291,29629321,29629337,29629339,29629357,29629363,29629373,29629381,29629393,29629409,29629433,29629441,29629447,29629499,29629513,
(1836230) | 29629517,29629541,29629571,29629573,29629577,29629601,29629603,29629609,29629627,29629631,29629643,29629667,29629669,29629679,29629697,29629729,29629753,29629777,29629781,29629799,
(1836250) | 29629801,29629807,29629811,29629823,29629829,29629849,29629877,29629891,29629927,29629937,29629981,29629993,29630009,29630011,29630023,29630033,29630039,29630047,29630057,29630071,
(1836270) | 29630077,29630089,29630093,29630123,29630143,29630197,29630207,29630239,29630261,29630267,29630273,29630297,29630317,29630357,29630399,29630411,29630429,29630437,29630459,29630477,
(1836290) | 29630527,29630543,29630561,29630591,29630597,29630603,29630621,29630641,29630701,29630707,29630717,29630737,29630743,29630753,29630791,29630807,29630849,29630851,29630863,29630873,
(1836310) | 29630879,29630891,29630893,29630897,29630929,29630971,29630989,29631001,29631023,29631053,29631059,29631109,29631131,29631163,29631179,29631193,29631209,29631223,29631229,29631247,
(1836330) | 29631307,29631313,29631331,29631341,29631347,29631367,29631373,29631379,29631389,29631439,29631457,29631461,29631467,29631491,29631499,29631509,29631529,29631551,29631587,29631599,
(1836350) | 29631619,29631631,29631647,29631653,29631661,29631689,29631703,29631727,29631733,29631737,29631743,29631757,29631809,29631817,29631821,29631829,29631841,29631871,29631883,29631893,
(1836370) | 29631907,29631923,29631961,29631991,29632013,29632019,29632033,29632049,29632051,29632091,29632093,29632111,29632121,29632123,29632129,29632133,29632151,29632181,29632201,29632223,
(1836390) | 29632243,29632261,29632271,29632277,29632279,29632297,29632319,29632333,29632363,29632387,29632399,29632409,29632417,29632429,29632451,29632469,29632481,29632501,29632507,29632511,
(1836410) | 29632541,29632549,29632583,29632613,29632643,29632661,29632667,29632699,29632711,29632721,29632727,29632739,29632741,29632753,29632847,29632879,29632903,29632907,29632949,29632969,
(1836430) | 29632973,29632987,29633003,29633029,29633059,29633081,29633089,29633111,29633143,29633147,29633207,29633243,29633249,29633333,29633339,29633347,29633353,29633381,29633419,29633449,
(1836450) | 29633467,29633479,29633491,29633509,29633531,29633557,29633587,29633609,29633623,29633627,29633651,29633657,29633663,29633677,29633699,29633701,29633713,29633719,29633741,29633743,
(1836470) | 29633759,29633777,29633797,29633809,29633819,29633843,29633869,29633881,29633897,29633921,29633951,29633957,29633999,29634013,29634019,29634023,29634029,29634037,29634041,29634061,
(1836490) | 29634067,29634079,29634127,29634133,29634139,29634161,29634173,29634191,29634229,29634239,29634251,29634271,29634289,29634323,29634331,29634337,29634377,29634391,29634421,29634443,
(1836510) | 29634467,29634503,29634523,29634529,29634533,29634551,29634599,29634601,29634617,29634643,29634653,29634659,29634673,29634679,29634691,29634733,29634763,29634767,29634779,29634799,
(1836530) | 29634821,29634887,29634919,29634929,29634931,29634937,29634947,29634973,29634991,29635009,29635019,29635027,29635043,29635049,29635093,29635141,29635157,29635159,29635171,29635181,
(1836550) | 29635183,29635189,29635219,29635237,29635259,29635271,29635273,29635327,29635337,29635357,29635363,29635367,29635381,29635387,29635393,29635433,29635457,29635499,29635511,29635513,
(1836570) | 29635517,29635549,29635553,29635589,29635603,29635609,29635621,29635663,29635679,29635681,29635693,29635699,29635717,29635733,29635787,29635789,29635841,29635847,29635849,29635861,
(1836590) | 29635867,29635871,29635919,29635933,29635939,29635943,29635961,29635967,29635973,29635979,29636003,29636023,29636027,29636069,29636077,29636081,29636137,29636141,29636161,29636197,
(1836610) | 29636203,29636207,29636221,29636263,29636267,29636281,29636303,29636309,29636353,29636363,29636393,29636413,29636429,29636437,29636441,29636449,29636459,29636471,29636533,29636557,
(1836630) | 29636569,29636587,29636591,29636597,29636603,29636617,29636639,29636641,29636653,29636669,29636683,29636689,29636693,29636777,29636801,29636807,29636813,29636819,29636833,29636843,
(1836650) | 29636863,29636881,29636917,29636947,29636953,29636977,29636987,29636993,29637011,29637071,29637079,29637109,29637151,29637161,29637173,29637187,29637193,29637203,29637211,29637227,
(1836670) | 29637247,29637253,29637287,29637299,29637313,29637319,29637353,29637431,29637451,29637463,29637479,29637499,29637533,29637539,29637577,29637599,29637607,29637611,29637637,29637677,
(1836690) | 29637679,29637691,29637697,29637709,29637737,29637757,29637761,29637763,29637779,29637787,29637791,29637847,29637857,29637911,29637931,29637943,29637947,29637973,29637983,29638003,
(1836710) | 29638031,29638033,29638057,29638061,29638067,29638079,29638093,29638111,29638159,29638163,29638171,29638177,29638181,29638199,29638211,29638229,29638241,29638243,29638249,29638277,
(1836730) | 29638291,29638313,29638373,29638379,29638393,29638403,29638409,29638439,29638451,29638471,29638487,29638489,29638507,29638519,29638541,29638547,29638597,29638601,29638603,29638621,
(1836750) | 29638627,29638639,29638643,29638649,29638663,29638673,29638711,29638729,29638747,29638751,29638757,29638771,29638781,29638793,29638799,29638801,29638823,29638867,29638877,29638891,
(1836770) | 29638907,29638913,29638967,29638969,29638979,29639009,29639011,29639081,29639087,29639123,29639147,29639149,29639167,29639201,29639213,29639263,29639273,29639303,29639369,29639371,
(1836790) | 29639377,29639413,29639419,29639429,29639437,29639443,29639453,29639459,29639461,29639471,29639501,29639507,29639509,29639521,29639569,29639573,29639591,29639609,29639647,29639651,
(1836810) | 29639693,29639713,29639723,29639741,29639777,29639783,29639807,29639851,29639861,29639887,29639899,29639903,29639921,29639927,29639933,29639957,29639977,29639983,29639989,29640011,
(1836830) | 29640049,29640053,29640097,29640103,29640109,29640113,29640119,29640131,29640139,29640179,29640181,29640199,29640203,29640223,29640227,29640229,29640257,29640269,29640271,29640277,
(1836850) | 29640283,29640311,29640313,29640319,29640337,29640343,29640397,29640419,29640427,29640439,29640461,29640463,29640467,29640493,29640497,29640509,29640521,29640539,29640547,29640553,
(1836870) | 29640587,29640593,29640601,29640607,29640617,29640623,29640643,29640679,29640713,29640739,29640749,29640757,29640761,29640763,29640791,29640857,29640869,29640881,29640883,29640887,
(1836890) | 29640899,29640901,29640907,29640913,29640953,29640967,29640971,29640983,29641021,29641039,29641049,29641093,29641097,29641109,29641111,29641123,29641127,29641141,29641153,29641169,
(1836910) | 29641189,29641201,29641243,29641259,29641289,29641291,29641307,29641321,29641327,29641373,29641397,29641399,29641429,29641439,29641441,29641459,29641529,29641571,29641583,29641589,
(1836930) | 29641597,29641607,29641621,29641627,29641639,29641643,29641751,29641769,29641789,29641793,29641813,29641817,29641823,29641831,29641837,29641841,29641867,29641877,29641879,29641883,
(1836950) | 29641901,29641903,29641907,29641933,29641943,29641951,29641967,29641979,29641981,29641987,29642017,29642021,29642023,29642051,29642077,29642083,29642087,29642099,29642113,29642117,
(1836970) | 29642141,29642153,29642177,29642191,29642201,29642219,29642227,29642233,29642243,29642257,29642297,29642309,29642311,29642329,29642363,29642369,29642387,29642399,29642411,29642419,
(1836990) | 29642449,29642491,29642497,29642519,29642593,29642621,29642623,29642629,29642647,29642663,29642671,29642681,29642687,29642707,29642719,29642731,29642749,29642771,29642777,29642783,
(1837010) | 29642797,29642801,29642803,29642807,29642813,29642819,29642881,29642897,29642903,29642923,29642927,29642941,29642969,29642981,29643023,29643043,29643049,29643077,29643083,29643127,
(1837030) | 29643137,29643149,29643217,29643221,29643259,29643269,29643283,29643293,29643331,29643349,29643353,29643371,29643379,29643421,29643431,29643433,29643437,29643443,29643457,29643463,
(1837050) | 29643473,29643479,29643487,29643517,29643521,29643541,29643569,29643611,29643617,29643643,29643661,29643673,29643701,29643721,29643737,29643763,29643769,29643791,29643827,29643833,
(1837070) | 29643839,29643841,29643871,29643883,29643893,29643931,29643947,29643953,29643973,29643979,29643983,29644037,29644049,29644051,29644057,29644099,29644103,29644117,29644127,29644159,
(1837090) | 29644193,29644201,29644247,29644253,29644273,29644291,29644301,29644333,29644367,29644393,29644399,29644411,29644423,29644429,29644441,29644453,29644469,29644477,29644519,29644547,
(1837110) | 29644577,29644627,29644633,29644697,29644717,29644751,29644777,29644781,29644799,29644801,29644819,29644837,29644847,29644859,29644871,29644933,29644939,29644943,29644969,29644981,
(1837130) | 29645023,29645039,29645041,29645051,29645053,29645069,29645087,29645113,29645123,29645129,29645131,29645141,29645197,29645201,29645243,29645249,29645267,29645281,29645309,29645333,
(1837150) | 29645347,29645351,29645383,29645389,29645477,29645479,29645513,29645521,29645531,29645537,29645543,29645549,29645587,29645591,29645593,29645611,29645617,29645639,29645647,29645657,
(1837170) | 29645669,29645677,29645699,29645701,29645713,29645729,29645753,29645779,29645783,29645797,29645813,29645821,29645867,29645879,29645881,29645899,29645923,29645953,29645969,29645971,
(1837190) | 29645983,29646017,29646031,29646041,29646107,29646119,29646161,29646163,29646179,29646191,29646193,29646223,29646229,29646247,29646257,29646269,29646293,29646299,29646313,29646329,
(1837210) | 29646347,29646349,29646359,29646367,29646371,29646373,29646377,29646437,29646473,29646481,29646493,29646553,29646559,29646611,29646637,29646641,29646647,29646703,29646713,29646719,
(1837230) | 29646751,29646761,29646767,29646779,29646803,29646809,29646817,29646847,29646863,29646871,29646907,29646917,29646919,29646941,29646949,29646971,29647039,29647043,29647061,29647063,
(1837250) | 29647073,29647091,29647103,29647117,29647127,29647147,29647151,29647157,29647187,29647217,29647229,29647231,29647259,29647273,29647291,29647307,29647313,29647327,29647421,29647451,
(1837270) | 29647487,29647493,29647531,29647547,29647571,29647577,29647589,29647601,29647613,29647637,29647649,29647679,29647703,29647753,29647757,29647763,29647781,29647801,29647823,29647837,
(1837290) | 29647853,29647867,29647901,29647927,29647939,29647957,29647973,29647979,29647987,29648039,29648057,29648071,29648077,29648089,29648093,29648107,29648131,29648161,29648167,29648197,
(1837310) | 29648209,29648231,29648239,29648261,29648273,29648279,29648317,29648363,29648383,29648389,29648407,29648419,29648473,29648477,29648483,29648497,29648533,29648537,29648539,29648557,
(1837330) | 29648573,29648579,29648599,29648611,29648657,29648687,29648713,29648719,29648753,29648761,29648767,29648807,29648851,29648881,29648891,29648893,29648897,29648903,29648917,29648939,
(1837350) | 29648947,29648953,29648959,29648977,29648999,29649029,29649031,29649077,29649079,29649089,29649119,29649127,29649143,29649149,29649157,29649163,29649167,29649181,29649203,29649227,
(1837370) | 29649229,29649251,29649283,29649287,29649289,29649331,29649337,29649341,29649353,29649391,29649401,29649413,29649439,29649457,29649467,29649493,29649517,29649523,29649533,29649541,
(1837390) | 29649559,29649583,29649611,29649643,29649679,29649689,29649701,29649707,29649757,29649769,29649773,29649779,29649787,29649793,29649797,29649799,29649821,29649871,29649883,29649911,
(1837410) | 29649923,29649941,29649947,29649953,29649959,29649973,29650001,29650003,29650031,29650039,29650063,29650067,29650111,29650121,29650123,29650133,29650139,29650141,29650157,29650163,
(1837430) | 29650211,29650219,29650249,29650253,29650319,29650343,29650351,29650399,29650417,29650447,29650451,29650459,29650463,29650487,29650501,29650531,29650547,29650559,29650571,29650573,
(1837450) | 29650589,29650591,29650597,29650603,29650619,29650633,29650637,29650639,29650651,29650661,29650679,29650681,29650729,29650793,29650871,29650879,29650909,29650931,29650939,29650961,
(1837470) | 29650993,29651029,29651033,29651093,29651147,29651183,29651189,29651201,29651203,29651207,29651227,29651243,29651249,29651261,29651263,29651269,29651291,29651299,29651309,29651317,
(1837490) | 29651339,29651353,29651387,29651399,29651431,29651441,29651443,29651449,29651471,29651473,29651509,29651513,29651527,29651549,29651561,29651563,29651581,29651591,29651617,29651627,
(1837510) | 29651653,29651683,29651693,29651731,29651737,29651747,29651749,29651753,29651759,29651771,29651773,29651789,29651803,29651861,29651873,29651879,29651929,29651933,29651953,29651959,
(1837530) | 29651977,29652011,29652031,29652047,29652053,29652067,29652071,29652079,29652101,29652109,29652137,29652157,29652173,29652187,29652193,29652197,29652223,29652229,29652269,29652317,
(1837550) | 29652319,29652349,29652367,29652379,29652383,29652401,29652419,29652431,29652449,29652481,29652541,29652547,29652569,29652611,29652617,29652619,29652631,29652661,29652683,29652697,
(1837570) | 29652737,29652769,29652809,29652827,29652841,29652851,29652853,29652871,29652899,29652907,29652919,29652923,29652949,29652971,29652989,29653027,29653033,29653037,29653067,29653093,
(1837590) | 29653097,29653153,29653157,29653159,29653171,29653181,29653199,29653201,29653207,29653241,29653271,29653289,29653303,29653331,29653333,29653343,29653367,29653387,29653397,29653441,
(1837610) | 29653451,29653469,29653487,29653489,29653511,29653517,29653523,29653541,29653567,29653571,29653583,29653607,29653609,29653621,29653667,29653697,29653709,29653711,29653721,29653751,
(1837630) | 29653769,29653781,29653801,29653807,29653817,29653823,29653829,29653837,29653861,29653867,29653879,29653901,29653907,29653937,29653973,29653997,29654017,29654021,29654059,29654071,
(1837650) | 29654089,29654147,29654179,29654201,29654203,29654221,29654243,29654249,29654281,29654293,29654297,29654299,29654311,29654329,29654347,29654363,29654371,29654381,29654389,29654407,
(1837670) | 29654413,29654419,29654423,29654441,29654461,29654473,29654483,29654491,29654503,29654519,29654531,29654543,29654557,29654561,29654587,29654591,29654593,29654629,29654633,29654671,
(1837690) | 29654683,29654699,29654707,29654731,29654759,29654761,29654827,29654831,29654857,29654861,29654869,29654873,29654887,29654893,29654903,29654909,29654921,29654939,29654951,29654957,
(1837710) | 29654959,29654969,29654971,29654983,29655047,29655049,29655083,29655121,29655133,29655137,29655151,29655163,29655169,29655203,29655217,29655239,29655253,29655277,29655289,29655299,
(1837730) | 29655383,29655391,29655397,29655401,29655407,29655413,29655419,29655421,29655433,29655469,29655481,29655491,29655517,29655539,29655547,29655553,29655569,29655581,29655589,29655631,
(1837750) | 29655641,29655653,29655677,29655679,29655683,29655697,29655707,29655733,29655761,29655781,29655793,29655797,29655823,29655851,29655859,29655869,29655877,29655881,29655931,29655949,
(1837770) | 29655953,29655959,29656019,29656049,29656051,29656063,29656087,29656103,29656117,29656139,29656147,29656153,29656157,29656171,29656189,29656213,29656219,29656229,29656247,29656259,
(1837790) | 29656267,29656271,29656273,29656303,29656339,29656387,29656391,29656399,29656421,29656423,29656427,29656433,29656439,29656457,29656477,29656493,29656519,29656537,29656597,29656609,
(1837810) | 29656633,29656643,29656657,29656661,29656673,29656681,29656691,29656703,29656717,29656723,29656727,29656741,29656747,29656769,29656807,29656819,29656841,29656843,29656873,29656889,
(1837830) | 29656897,29656927,29656951,29656969,29656997,29657003,29657009,29657039,29657059,29657077,29657101,29657107,29657149,29657161,29657171,29657191,29657209,29657213,29657237,29657249,
(1837850) | 29657261,29657273,29657291,29657293,29657317,29657351,29657357,29657377,29657389,29657399,29657429,29657431,29657437,29657443,29657479,29657531,29657549,29657587,29657599,29657629,
(1837870) | 29657647,29657681,29657699,29657713,29657723,29657729,29657779,29657791,29657819,29657821,29657839,29657851,29657857,29657861,29657863,29657869,29657891,29657921,29657941,29657959,
(1837890) | 29657963,29657983,29657989,29658011,29658043,29658071,29658091,29658119,29658121,29658163,29658193,29658241,29658253,29658257,29658281,29658283,29658341,29658379,29658397,29658427,
(1837910) | 29658439,29658443,29658467,29658481,29658491,29658493,29658509,29658521,29658529,29658553,29658589,29658611,29658613,29658631,29658637,29658647,29658649,29658709,29658737,29658743,
(1837930) | 29658767,29658781,29658809,29658821,29658859,29658869,29658877,29658899,29658911,29658917,29658919,29658929,29658977,29659001,29659013,29659037,29659051,29659061,29659073,29659079,
(1837950) | 29659103,29659109,29659129,29659151,29659153,29659181,29659187,29659193,29659211,29659261,29659283,29659297,29659307,29659309,29659313,29659319,29659321,29659337,29659363,29659369,
(1837970) | 29659381,29659387,29659411,29659417,29659433,29659439,29659447,29659463,29659499,29659501,29659537,29659573,29659583,29659601,29659621,29659631,29659633,29659649,29659657,29659697,
(1837990) | 29659699,29659709,29659717,29659727,29659733,29659771,29659813,29659823,29659859,29659879,29659897,29659909,29659919,29659921,29659937,29659979,29659991,29659999,29660023,29660027,
(1838010) | 29660039,29660077,29660093,29660101,29660107,29660129,29660131,29660143,29660167,29660171,29660173,29660177,29660203,29660207,29660227,29660233,29660249,29660251,29660269,29660287,
(1838030) | 29660327,29660339,29660341,29660357,29660429,29660437,29660441,29660453,29660467,29660473,29660503,29660509,29660531,29660537,29660551,29660611,29660633,29660647,29660663,29660681,
(1838050) | 29660689,29660693,29660711,29660737,29660759,29660809,29660857,29660863,29660887,29660909,29660923,29660929,29660959,29661001,29661043,29661083,29661127,29661131,29661139,29661143,
(1838070) | 29661157,29661187,29661197,29661199,29661211,29661217,29661227,29661239,29661251,29661253,29661293,29661301,29661319,29661323,29661341,29661347,29661353,29661367,29661449,29661469,
(1838090) | 29661473,29661479,29661493,29661509,29661521,29661523,29661551,29661581,29661587,29661589,29661607,29661613,29661623,29661629,29661647,29661649,29661659,29661673,29661689,29661691,
(1838110) | 29661703,29661707,29661713,29661757,29661767,29661769,29661773,29661811,29661817,29661829,29661833,29661847,29661887,29661917,29661953,29661967,29661979,29661997,29662001,29662013,
(1838130) | 29662027,29662037,29662063,29662067,29662069,29662081,29662103,29662117,29662121,29662151,29662153,29662159,29662177,29662181,29662207,29662223,29662253,29662261,29662277,29662301,
(1838150) | 29662333,29662349,29662357,29662429,29662459,29662463,29662469,29662471,29662511,29662517,29662537,29662547,29662559,29662579,29662597,29662631,29662643,29662651,29662673,29662681,
(1838170) | 29662693,29662729,29662751,29662757,29662769,29662777,29662799,29662849,29662859,29662883,29662907,29662921,29662951,29662961,29663059,29663083,29663087,29663089,29663107,29663119,
(1838190) | 29663129,29663149,29663167,29663171,29663191,29663209,29663219,29663243,29663267,29663269,29663273,29663281,29663297,29663321,29663339,29663363,29663383,29663393,29663401,29663429,
(1838210) | 29663449,29663467,29663479,29663527,29663539,29663563,29663597,29663609,29663633,29663671,29663707,29663713,29663719,29663779,29663819,29663833,29663849,29663863,29663867,29663891,
(1838230) | 29663903,29663911,29663927,29663971,29663981,29663983,29663987,29663999,29664001,29664007,29664017,29664067,29664091,29664119,29664139,29664143,29664157,29664161,29664203,29664209,
(1838250) | 29664211,29664221,29664223,29664233,29664251,29664289,29664311,29664329,29664331,29664347,29664389,29664409,29664413,29664469,29664487,29664493,29664521,29664527,29664563,29664571,
(1838270) | 29664589,29664599,29664601,29664617,29664619,29664623,29664629,29664703,29664707,29664769,29664773,29664793,29664821,29664827,29664841,29664863,29664907,29664913,29664953,29664959,
(1838290) | 29664961,29664967,29664989,29664991,29664997,29665003,29665043,29665049,29665067,29665073,29665117,29665127,29665151,29665159,29665169,29665183,29665189,29665199,29665217,29665277,
(1838310) | 29665283,29665297,29665303,29665333,29665367,29665373,29665387,29665393,29665409,29665457,29665477,29665483,29665487,29665499,29665501,29665541,29665553,29665567,29665577,29665583,
(1838330) | 29665627,29665633,29665661,29665681,29665687,29665693,29665721,29665723,29665733,29665739,29665763,29665771,29665781,29665787,29665841,29665861,29665871,29665873,29665891,29665939,
(1838350) | 29665963,29665981,29666017,29666029,29666051,29666053,29666089,29666093,29666107,29666111,29666123,29666141,29666149,29666177,29666179,29666183,29666227,29666243,29666269,29666293,
(1838370) | 29666339,29666363,29666387,29666401,29666407,29666419,29666471,29666477,29666491,29666501,29666503,29666519,29666521,29666551,29666561,29666587,29666599,29666617,29666627,29666647,
(1838390) | 29666671,29666699,29666701,29666719,29666723,29666737,29666743,29666759,29666761,29666789,29666807,29666837,29666843,29666851,29666867,29666869,29666873,29666881,29666899,29666929,
(1838410) | 29666951,29666953,29666957,29667017,29667019,29667041,29667059,29667061,29667083,29667089,29667101,29667103,29667139,29667161,29667221,29667259,29667277,29667307,29667317,29667331,
(1838430) | 29667343,29667347,29667367,29667371,29667373,29667389,29667409,29667427,29667433,29667461,29667503,29667509,29667523,29667541,29667557,29667571,29667577,29667611,29667613,29667623,
(1838450) | 29667629,29667643,29667647,29667653,29667661,29667679,29667689,29667691,29667707,29667719,29667733,29667751,29667773,29667791,29667809,29667817,29667829,29667851,29667853,29667877,
(1838470) | 29667881,29667889,29667919,29667929,29667931,29667977,29667991,29668019,29668031,29668039,29668049,29668057,29668081,29668087,29668099,29668103,29668157,29668159,29668187,29668201,
(1838490) | 29668217,29668259,29668277,29668357,29668391,29668399,29668403,29668493,29668501,29668511,29668531,29668547,29668549,29668567,29668571,29668579,29668607,29668619,29668627,29668657,
(1838510) | 29668669,29668693,29668697,29668721,29668759,29668777,29668801,29668811,29668831,29668843,29668883,29668889,29668939,29668973,29668979,29668987,29668993,29668999,29669009,29669021,
(1838530) | 29669023,29669027,29669033,29669041,29669083,29669093,29669111,29669137,29669147,29669177,29669179,29669197,29669207,29669219,29669303,29669309,29669323,29669357,29669371,29669377,
(1838550) | 29669383,29669399,29669413,29669443,29669447,29669461,29669483,29669491,29669509,29669513,29669531,29669533,29669587,29669603,29669611,29669623,29669669,29669687,29669741,29669753,
(1838570) | 29669767,29669779,29669789,29669803,29669807,29669833,29669837,29669863,29669869,29669873,29669881,29669891,29669897,29669903,29669921,29669933,29669971,29669989,29669993,29669999,
(1838590) | 29670013,29670029,29670031,29670037,29670061,29670073,29670133,29670139,29670143,29670163,29670167,29670181,29670211,29670241,29670247,29670257,29670269,29670271,29670281,29670293,
(1838610) | 29670323,29670341,29670353,29670371,29670383,29670397,29670409,29670413,29670427,29670449,29670463,29670479,29670497,29670499,29670517,29670521,29670539,29670547,29670577,29670581,
(1838630) | 29670587,29670601,29670607,29670611,29670617,29670623,29670643,29670649,29670653,29670659,29670673,29670679,29670703,29670721,29670737,29670743,29670791,29670821,29670841,29670863,
(1838650) | 29670869,29670877,29670881,29670889,29670911,29670931,29670947,29670983,29670997,29671007,29671009,29671021,29671063,29671091,29671093,29671097,29671111,29671129,29671139,29671163,
(1838670) | 29671181,29671183,29671189,29671211,29671223,29671237,29671261,29671283,29671319,29671337,29671339,29671351,29671363,29671381,29671387,29671399,29671417,29671423,29671451,29671457,
(1838690) | 29671459,29671487,29671489,29671493,29671501,29671547,29671561,29671567,29671601,29671637,29671657,29671661,29671721,29671729,29671739,29671751,29671757,29671769,29671793,29671801,
(1838710) | 29671813,29671819,29671841,29671853,29671861,29671883,29671921,29671937,29671951,29671973,29672011,29672029,29672033,29672051,29672077,29672099,29672101,29672117,29672141,29672143,
(1838730) | 29672179,29672197,29672213,29672219,29672257,29672287,29672299,29672303,29672309,29672347,29672353,29672371,29672381,29672387,29672389,29672431,29672443,29672459,29672477,29672519,
(1838750) | 29672551,29672563,29672569,29672579,29672581,29672593,29672627,29672641,29672653,29672677,29672681,29672707,29672711,29672717,29672723,29672729,29672767,29672777,29672791,29672809,
(1838770) | 29672831,29672849,29672857,29672861,29672869,29672873,29672879,29672897,29672899,29672911,29672917,29672947,29672957,29672999,29673019,29673037,29673043,29673073,29673097,29673103,
(1838790) | 29673199,29673209,29673221,29673229,29673233,29673239,29673251,29673257,29673263,29673271,29673277,29673317,29673331,29673341,29673349,29673353,29673377,29673407,29673431,29673439,
(1838810) | 29673503,29673521,29673559,29673577,29673601,29673671,29673689,29673701,29673719,29673731,29673733,29673737,29673739,29673767,29673773,29673781,29673793,29673803,29673817,29673829,
(1838830) | 29673869,29673871,29673893,29673929,29673937,29673947,29673977,29673983,29673997,29674019,29674091,29674093,29674097,29674153,29674187,29674199,29674207,29674213,29674247,29674261,
(1838850) | 29674289,29674297,29674303,29674321,29674331,29674339,29674349,29674357,29674363,29674373,29674433,29674451,29674459,29674493,29674499,29674543,29674549,29674583,29674607,29674621,
(1838870) | 29674633,29674643,29674661,29674679,29674721,29674739,29674759,29674763,29674783,29674793,29674811,29674819,29674823,29674847,29674861,29674867,29674871,29674873,29674889,29674891,
(1838890) | 29674901,29674921,29674937,29674951,29674961,29674969,29674993,29675039,29675069,29675099,29675111,29675137,29675197,29675257,29675263,29675281,29675293,29675311,29675329,29675351,
(1838910) | 29675357,29675363,29675383,29675411,29675419,29675447,29675453,29675519,29675521,29675531,29675539,29675563,29675599,29675603,29675609,29675621,29675627,29675629,29675641,29675689,
(1838930) | 29675743,29675791,29675803,29675809,29675827,29675831,29675837,29675839,29675851,29675857,29675909,29675927,29675939,29675969,29676001,29676007,29676011,29676037,29676041,29676061,
(1838950) | 29676091,29676103,29676107,29676137,29676151,29676161,29676167,29676191,29676197,29676211,29676221,29676239,29676281,29676287,29676299,29676301,29676323,29676329,29676341,29676389,
(1838970) | 29676419,29676431,29676457,29676473,29676503,29676533,29676539,29676551,29676571,29676607,29676623,29676629,29676643,29676649,29676659,29676677,29676697,29676707,29676719,29676737,
(1838990) | 29676749,29676761,29676799,29676809,29676811,29676817,29676821,29676847,29676863,29676893,29676901,29676919,29676929,29676943,29676953,29676967,29676973,29677001,29677003,29677079,
(1839010) | 29677093,29677097,29677117,29677147,29677157,29677159,29677187,29677211,29677213,29677217,29677229,29677273,29677279,29677283,29677289,29677313,29677327,29677331,29677339,29677343,
(1839030) | 29677357,29677363,29677379,29677381,29677391,29677409,29677421,29677451,29677457,29677471,29677499,29677511,29677523,29677541,29677547,29677561,29677579,29677603,29677607,29677619,
(1839050) | 29677621,29677651,29677667,29677793,29677831,29677847,29677873,29677877,29677883,29677939,29677951,29677961,29677979,29677987,29678053,29678059,29678063,29678069,29678081,29678083,
(1839070) | 29678087,29678113,29678123,29678161,29678177,29678221,29678273,29678293,29678309,29678333,29678351,29678359,29678381,29678417,29678449,29678459,29678461,29678489,29678507,29678531,
(1839090) | 29678567,29678591,29678599,29678603,29678609,29678633,29678657,29678689,29678707,29678713,29678723,29678731,29678743,29678771,29678777,29678783,29678791,29678797,29678801,29678813,
(1839110) | 29678837,29678839,29678843,29678851,29678881,29678903,29678927,29678933,29678959,29678963,29678981,29678983,29678989,29679017,29679019,29679031,29679037,29679047,29679077,29679079,
(1839130) | 29679101,29679103,29679173,29679211,29679233,29679239,29679271,29679277,29679289,29679313,29679317,29679329,29679343,29679371,29679401,29679413,29679421,29679451,29679487,29679509,
(1839150) | 29679527,29679541,29679547,29679581,29679583,29679619,29679623,29679647,29679677,29679703,29679709,29679763,29679779,29679781,29679787,29679791,29679799,29679833,29679857,29679877,
(1839170) | 29679901,29679911,29679929,29679931,29679967,29680037,29680039,29680061,29680069,29680073,29680087,29680103,29680111,29680139,29680151,29680177,29680207,29680213,29680229,29680289,
(1839190) | 29680291,29680297,29680307,29680309,29680319,29680331,29680333,29680403,29680411,29680421,29680429,29680471,29680493,29680501,29680513,29680517,29680529,29680571,29680577,29680613,
(1839210) | 29680619,29680661,29680669,29680681,29680723,29680727,29680751,29680753,29680823,29680841,29680873,29680909,29680951,29680957,29680969,29680979,29680999,29681023,29681033,29681081,
(1839230) | 29681107,29681117,29681129,29681147,29681161,29681177,29681203,29681221,29681227,29681237,29681257,29681261,29681263,29681273,29681329,29681357,29681359,29681383,29681387,29681389,
(1839250) | 29681419,29681453,29681467,29681501,29681521,29681573,29681611,29681627,29681633,29681651,29681657,29681683,29681689,29681719,29681731,29681741,29681777,29681791,29681797,29681837,
(1839270) | 29681851,29681887,29681893,29681941,29681947,29681987,29681989,29681999,29682011,29682031,29682061,29682077,29682089,29682091,29682113,29682157,29682179,29682181,29682203,29682209,
(1839290) | 29682217,29682223,29682229,29682269,29682271,29682277,29682287,29682299,29682307,29682337,29682343,29682347,29682349,29682353,29682361,29682383,29682403,29682409,29682431,29682449,
(1839310) | 29682461,29682481,29682511,29682529,29682551,29682559,29682571,29682613,29682637,29682649,29682659,29682677,29682701,29682713,29682721,29682743,29682761,29682767,29682791,29682797,
(1839330) | 29682817,29682839,29682853,29682859,29682869,29682881,29682889,29682911,29682931,29682937,29682971,29683001,29683007,29683051,29683061,29683063,29683079,29683097,29683109,29683117,
(1839350) | 29683123,29683163,29683169,29683189,29683231,29683237,29683267,29683319,29683321,29683331,29683349,29683387,29683397,29683427,29683469,29683471,29683477,29683481,29683499,29683517,
(1839370) | 29683541,29683543,29683571,29683573,29683579,29683601,29683603,29683607,29683627,29683669,29683699,29683711,29683727,29683739,29683741,29683769,29683781,29683783,29683789,29683807,
(1839390) | 29683813,29683873,29683891,29683897,29683919,29683949,29683987,29684009,29684029,29684051,29684059,29684071,29684077,29684089,29684117,29684167,29684183,29684219,29684243,29684273,
(1839410) | 29684279,29684299,29684321,29684339,29684341,29684351,29684353,29684357,29684377,29684383,29684393,29684407,29684443,29684477,29684483,29684503,29684509,29684519,29684521,29684537,
(1839430) | 29684539,29684549,29684569,29684573,29684579,29684581,29684587,29684591,29684597,29684609,29684621,29684623,29684653,29684657,29684671,29684687,29684713,29684773,29684791,29684801,
(1839450) | 29684807,29684869,29684911,29684923,29684933,29684947,29684959,29684969,29684999,29685013,29685037,29685053,29685109,29685113,29685127,29685133,29685209,29685217,29685283,29685287,
(1839470) | 29685289,29685307,29685317,29685329,29685343,29685347,29685367,29685371,29685401,29685407,29685413,29685421,29685443,29685457,29685463,29685497,29685521,29685533,29685541,29685547,
(1839490) | 29685563,29685613,29685637,29685641,29685653,29685659,29685679,29685701,29685703,29685713,29685737,29685743,29685787,29685829,29685839,29685853,29685857,29685871,29685889,29685899,
(1839510) | 29685907,29685911,29685913,29685919,29685949,29685959,29685967,29686001,29686043,29686057,29686061,29686079,29686081,29686103,29686109,29686121,29686133,29686141,29686177,29686183,
(1839530) | 29686219,29686229,29686271,29686277,29686331,29686333,29686339,29686373,29686409,29686411,29686439,29686441,29686453,29686483,29686487,29686507,29686511,29686513,29686567,29686577,
(1839550) | 29686589,29686597,29686603,29686609,29686619,29686637,29686639,29686663,29686669,29686673,29686717,29686729,29686739,29686781,29686793,29686799,29686801,29686817,29686823,29686843,
(1839570) | 29686883,29686897,29686919,29686927,29686957,29686967,29686999,29687023,29687029,29687041,29687051,29687069,29687081,29687093,29687113,29687123,29687137,29687153,29687179,29687183,
(1839590) | 29687197,29687249,29687267,29687279,29687293,29687303,29687311,29687323,29687401,29687447,29687459,29687467,29687477,29687509,29687513,29687521,29687531,29687533,29687573,29687591,
(1839610) | 29687599,29687629,29687681,29687683,29687719,29687753,29687761,29687773,29687783,29687809,29687837,29687843,29687849,29687857,29687881,29687887,29687891,29687893,29687923,29687927,
(1839630) | 29687929,29687947,29687951,29687969,29687971,29687981,29687989,29687993,29688019,29688031,29688047,29688073,29688119,29688133,29688149,29688157,29688167,29688209,29688227,29688233,
(1839650) | 29688251,29688259,29688287,29688289,29688293,29688301,29688313,29688389,29688391,29688419,29688487,29688497,29688521,29688523,29688539,29688557,29688559,29688577,29688587,29688599,
(1839670) | 29688601,29688629,29688641,29688643,29688667,29688677,29688683,29688691,29688707,29688719,29688727,29688739,29688767,29688781,29688787,29688803,29688821,29688833,29688847,29688853,
(1839690) | 29688931,29688937,29688943,29688991,29689073,29689087,29689091,29689111,29689129,29689139,29689151,29689189,29689201,29689211,29689223,29689271,29689277,29689291,29689333,29689357,
(1839710) | 29689367,29689379,29689391,29689403,29689409,29689433,29689459,29689483,29689501,29689523,29689547,29689553,29689579,29689589,29689601,29689603,29689631,29689637,29689669,29689697,
(1839730) | 29689703,29689717,29689727,29689729,29689739,29689753,29689811,29689819,29689843,29689861,29689867,29689897,29689901,29689931,29689943,29689967,29689969,29689991,29689993,29690029,
(1839750) | 29690047,29690057,29690069,29690077,29690093,29690099,29690107,29690117,29690147,29690149,29690153,29690159,29690173,29690189,29690207,29690209,29690231,29690239,29690249,29690257,
(1839770) | 29690291,29690299,29690351,29690359,29690363,29690383,29690387,29690389,29690399,29690413,29690473,29690497,29690501,29690509,29690513,29690527,29690533,29690579,29690587,29690593,
(1839790) | 29690599,29690611,29690627,29690651,29690659,29690663,29690669,29690671,29690707,29690729,29690737,29690743,29690753,29690767,29690813,29690819,29690821,29690831,29690873,29690879,
(1839810) | 29690893,29690911,29690923,29690933,29690951,29690987,29691001,29691007,29691017,29691037,29691043,29691049,29691073,29691083,29691121,29691133,29691139,29691187,29691227,29691247,
(1839830) | 29691253,29691283,29691293,29691301,29691307,29691329,29691349,29691359,29691377,29691391,29691437,29691443,29691449,29691463,29691479,29691499,29691517,29691533,29691539,29691553,
(1839850) | 29691559,29691569,29691577,29691581,29691593,29691611,29691617,29691619,29691637,29691647,29691659,29691671,29691721,29691731,29691743,29691757,29691763,29691791,29691793,29691803,
(1839870) | 29691829,29691833,29691841,29691847,29691863,29691869,29691899,29691901,29691931,29691941,29691943,29691967,29691989,29692001,29692049,29692051,29692063,29692073,29692097,29692111,
(1839890) | 29692123,29692133,29692139,29692151,29692153,29692181,29692213,29692237,29692249,29692253,29692261,29692277,29692291,29692301,29692303,29692309,29692357,29692361,29692367,29692381,
(1839910) | 29692417,29692483,29692493,29692501,29692511,29692529,29692541,29692567,29692583,29692603,29692613,29692627,29692631,29692633,29692639,29692679,29692681,29692711,29692721,29692739,
(1839930) | 29692757,29692769,29692777,29692783,29692807,29692837,29692843,29692849,29692867,29692891,29692903,29692933,29692973,29693003,29693011,29693039,29693063,29693117,29693141,29693171,
(1839950) | 29693173,29693227,29693239,29693267,29693291,29693297,29693317,29693329,29693341,29693357,29693359,29693383,29693399,29693413,29693429,29693431,29693467,29693473,29693479,29693491,
(1839970) | 29693497,29693539,29693557,29693563,29693591,29693617,29693623,29693633,29693681,29693683,29693687,29693701,29693711,29693723,29693731,29693749,29693771,29693777,29693803,29693821,
(1839990) | 29693843,29693857,29693879,29693921,29693927,29693929,29693947,29693959,29693971,29693977,29693987,29694013,29694023,29694029,29694047,29694073,29694089,29694139,29694143,29694149,
(1840010) | 29694167,29694191,29694221,29694233,29694281,29694307,29694323,29694331,29694361,29694367,29694389,29694391,29694421,29694433,29694439,29694481,29694487,29694491,29694493,29694499,
(1840030) | 29694503,29694517,29694547,29694571,29694589,29694593,29694629,29694653,29694667,29694673,29694689,29694697,29694703,29694751,29694773,29694781,29694793,29694799,29694803,29694857,
(1840050) | 29694871,29694883,29694911,29694919,29694923,29694941,29694943,29694953,29694997,29695007,29695009,29695019,29695021,29695031,29695037,29695049,29695051,29695087,29695091,29695103,
(1840070) | 29695109,29695121,29695123,29695147,29695153,29695163,29695181,29695187,29695223,29695229,29695273,29695283,29695301,29695307,29695321,29695331,29695339,29695361,29695381,29695387,
(1840090) | 29695409,29695411,29695441,29695487,29695517,29695577,29695591,29695637,29695639,29695667,29695697,29695723,29695733,29695747,29695759,29695763,29695777,29695781,29695789,29695801,
(1840110) | 29695819,29695859,29695891,29695901,29695903,29695927,29695933,29695937,29695943,29695949,29695973,29695979,29695987,29696027,29696041,29696071,29696111,29696123,29696129,29696131,
(1840130) | 29696137,29696143,29696153,29696159,29696167,29696189,29696207,29696213,29696231,29696267,29696269,29696281,29696299,29696369,29696383,29696413,29696461,29696497,29696507,29696581,
(1840150) | 29696593,29696599,29696627,29696629,29696633,29696663,29696683,29696701,29696713,29696731,29696741,29696761,29696767,29696803,29696837,29696861,29696881,29696921,29696939,29696963,
(1840170) | 29696971,29696983,29696999,29697023,29697029,29697037,29697049,29697061,29697067,29697077,29697089,29697137,29697149,29697167,29697169,29697251,29697257,29697259,29697277,29697319,
(1840190) | 29697329,29697337,29697341,29697359,29697379,29697397,29697403,29697433,29697449,29697461,29697469,29697491,29697497,29697517,29697527,29697533,29697539,29697559,29697583,29697587,
(1840210) | 29697593,29697599,29697611,29697671,29697673,29697677,29697713,29697719,29697727,29697751,29697757,29697781,29697797,29697799,29697803,29697823,29697839,29697841,29697847,29697859,
(1840230) | 29697919,29697923,29697953,29697961,29697971,29697973,29697989,29698003,29698021,29698027,29698043,29698049,29698051,29698057,29698139,29698157,29698169,29698177,29698231,29698237,
(1840250) | 29698289,29698297,29698307,29698327,29698351,29698363,29698373,29698429,29698433,29698441,29698447,29698469,29698477,29698483,29698511,29698553,29698567,29698573,29698579,29698583,
(1840270) | 29698597,29698631,29698649,29698657,29698667,29698673,29698687,29698693,29698703,29698733,29698759,29698769,29698777,29698787,29698793,29698807,29698859,29698861,29698891,29698897,
(1840290) | 29698909,29698913,29698927,29698931,29698937,29698943,29698951,29698973,29698979,29699011,29699029,29699039,29699041,29699053,29699057,29699063,29699069,29699099,29699107,29699149,
(1840310) | 29699183,29699191,29699203,29699207,29699213,29699227,29699231,29699249,29699269,29699273,29699281,29699287,29699303,29699317,29699377,29699387,29699399,29699401,29699407,29699443,
(1840330) | 29699491,29699503,29699507,29699543,29699573,29699591,29699609,29699611,29699623,29699639,29699651,29699701,29699729,29699743,29699749,29699753,29699759,29699773,29699777,29699821,
(1840350) | 29699843,29699861,29699881,29699893,29699909,29699933,29699941,29699963,29699987,29700019,29700029,29700079,29700119,29700133,29700137,29700157,29700179,29700221,29700227,29700247,
(1840370) | 29700259,29700271,29700283,29700289,29700301,29700313,29700317,29700323,29700329,29700371,29700373,29700389,29700397,29700403,29700409,29700413,29700431,29700443,29700469,29700491,
(1840390) | 29700493,29700499,29700533,29700563,29700589,29700623,29700653,29700661,29700679,29700689,29700703,29700709,29700731,29700763,29700779,29700799,29700823,29700859,29700877,29700893,
(1840410) | 29700941,29700967,29701019,29701031,29701037,29701043,29701051,29701127,29701141,29701151,29701163,29701181,29701187,29701201,29701219,29701223,29701241,29701277,29701279,29701289,
(1840430) | 29701319,29701337,29701339,29701369,29701387,29701391,29701403,29701409,29701421,29701429,29701453,29701457,29701459,29701489,29701531,29701537,29701543,29701547,29701559,29701561,
(1840450) | 29701577,29701619,29701657,29701663,29701673,29701681,29701687,29701723,29701733,29701739,29701741,29701757,29701759,29701781,29701811,29701817,29701823,29701831,29701843,29701853,
(1840470) | 29701877,29701891,29701897,29701909,29701939,29701951,29701961,29701967,29702027,29702041,29702047,29702051,29702053,29702087,29702089,29702129,29702161,29702171,29702201,29702209,
(1840490) | 29702243,29702249,29702251,29702287,29702291,29702317,29702329,29702333,29702357,29702381,29702401,29702443,29702447,29702483,29702489,29702503,29702509,29702521,29702537,29702539,
(1840510) | 29702549,29702579,29702581,29702599,29702623,29702639,29702663,29702671,29702693,29702713,29702741,29702747,29702753,29702759,29702773,29702789,29702837,29702851,29702857,29702863,
(1840530) | 29702891,29702899,29702923,29702951,29702963,29702977,29703017,29703031,29703077,29703083,29703133,29703169,29703173,29703181,29703187,29703197,29703209,29703211,29703241,29703253,
(1840550) | 29703257,29703259,29703277,29703287,29703313,29703371,29703407,29703413,29703451,29703467,29703503,29703529,29703533,29703559,29703589,29703599,29703601,29703623,29703643,29703647,
(1840570) | 29703677,29703683,29703697,29703703,29703719,29703757,29703769,29703809,29703827,29703829,29703853,29703887,29703901,29703943,29703959,29703977,29703997,29704001,29704021,29704043,
(1840590) | 29704069,29704097,29704111,29704121,29704127,29704153,29704159,29704177,29704187,29704223,29704261,29704291,29704307,29704319,29704349,29704351,29704361,29704379,29704393,29704421,
(1840610) | 29704447,29704463,29704487,29704489,29704561,29704567,29704579,29704583,29704589,29704607,29704663,29704681,29704693,29704721,29704723,29704769,29704777,29704781,29704793,29704811,
(1840630) | 29704819,29704841,29704849,29704853,29704859,29704861,29704879,29704889,29704901,29704979,29704981,29704991,29705017,29705021,29705023,29705057,29705059,29705063,29705089,29705107,
(1840650) | 29705129,29705141,29705153,29705201,29705237,29705257,29705267,29705287,29705293,29705297,29705317,29705329,29705359,29705371,29705393,29705407,29705411,29705461,29705479,29705491,
(1840670) | 29705503,29705513,29705519,29705521,29705537,29705563,29705591,29705593,29705653,29705677,29705707,29705717,29705729,29705737,29705747,29705791,29705801,29705821,29705839,29705861,
(1840690) | 29705881,29705887,29705899,29705909,29705933,29705941,29705971,29705989,29705999,29706007,29706013,29706031,29706037,29706043,29706059,29706067,29706071,29706073,29706137,29706151,
(1840710) | 29706161,29706197,29706199,29706211,29706217,29706223,29706233,29706239,29706247,29706269,29706283,29706343,29706359,29706377,29706389,29706403,29706419,29706431,29706433,29706487,
(1840730) | 29706503,29706511,29706529,29706569,29706583,29706601,29706617,29706619,29706637,29706641,29706689,29706707,29706713,29706727,29706737,29706757,29706791,29706811,29706821,29706841,
(1840750) | 29706847,29706857,29706863,29706877,29706881,29706883,29706917,29706931,29706947,29706949,29706953,29706979,29706997,29707033,29707037,29707057,29707079,29707087,29707091,29707103,
(1840770) | 29707121,29707133,29707141,29707151,29707193,29707199,29707253,29707259,29707261,29707273,29707297,29707303,29707309,29707319,29707343,29707351,29707409,29707429,29707439,29707441,
(1840790) | 29707451,29707477,29707499,29707543,29707591,29707597,29707603,29707631,29707649,29707673,29707681,29707693,29707709,29707729,29707747,29707753,29707759,29707763,29707817,29707859,
(1840810) | 29707897,29707913,29707943,29707957,29707961,29707991,29708009,29708051,29708057,29708069,29708087,29708101,29708123,29708177,29708179,29708207,29708213,29708219,29708233,29708257,
(1840830) | 29708279,29708293,29708339,29708347,29708351,29708359,29708363,29708377,29708389,29708407,29708411,29708423,29708431,29708449,29708453,29708473,29708489,29708507,29708519,29708531,
(1840850) | 29708561,29708593,29708597,29708659,29708677,29708687,29708699,29708711,29708719,29708759,29708807,29708813,29708821,29708827,29708831,29708929,29708933,29708941,29708957,29708971,
(1840870) | 29708981,29708993,29708999,29709019,29709023,29709059,29709083,29709089,29709091,29709101,29709107,29709109,29709143,29709151,29709157,29709193,29709221,29709283,29709289,29709301,
(1840890) | 29709313,29709343,29709347,29709349,29709371,29709389,29709397,29709413,29709419,29709437,29709469,29709473,29709479,29709481,29709487,29709497,29709503,29709529,29709551,29709553,
(1840910) | 29709569,29709577,29709599,29709607,29709611,29709637,29709643,29709653,29709661,29709677,29709679,29709731,29709791,29709887,29709899,29709917,29709929,29709937,29709959,29709973,
(1840930) | 29709983,29709991,29710003,29710013,29710019,29710039,29710049,29710127,29710139,29710147,29710151,29710171,29710211,29710249,29710259,29710267,29710283,29710313,29710337,29710361,
(1840950) | 29710367,29710393,29710397,29710403,29710423,29710427,29710511,29710537,29710553,29710559,29710561,29710567,29710573,29710579,29710591,29710601,29710631,29710633,29710643,29710663,
(1840970) | 29710693,29710739,29710757,29710771,29710777,29710787,29710789,29710799,29710823,29710831,29710841,29710853,29710861,29710903,29710907,29710913,29710921,29710939,29710981,29711021,
(1840990) | 29711023,29711029,29711039,29711057,29711063,29711089,29711119,29711131,29711159,29711177,29711207,29711221,29711243,29711263,29711267,29711273,29711281,29711287,29711303,29711317,
(1841010) | 29711371,29711411,29711413,29711419,29711443,29711447,29711449,29711467,29711489,29711491,29711501,29711509,29711519,29711527,29711531,29711533,29711537,29711551,29711569,29711579,
(1841030) | 29711599,29711603,29711639,29711651,29711659,29711683,29711701,29711711,29711713,29711719,29711729,29711741,29711743,29711749,29711761,29711789,29711809,29711831,29711833,29711879,
(1841050) | 29711909,29711933,29711939,29711947,29711963,29711989,29712013,29712017,29712019,29712041,29712047,29712049,29712071,29712077,29712083,29712103,29712161,29712173,29712187,29712191,
(1841070) | 29712203,29712217,29712233,29712247,29712253,29712259,29712271,29712299,29712313,29712329,29712337,29712349,29712359,29712367,29712391,29712433,29712437,29712439,29712451,29712457,
(1841090) | 29712469,29712479,29712497,29712511,29712563,29712581,29712587,29712593,29712643,29712653,29712667,29712677,29712703,29712707,29712731,29712737,29712763,29712797,29712829,29712847,
(1841110) | 29712863,29712899,29712983,29712989,29713031,29713037,29713051,29713063,29713111,29713121,29713147,29713157,29713163,29713181,29713193,29713213,29713223,29713241,29713247,29713261,
(1841130) | 29713267,29713319,29713357,29713367,29713373,29713379,29713381,29713393,29713417,29713427,29713483,29713499,29713517,29713529,29713547,29713573,29713577,29713583,29713589,29713597,
(1841150) | 29713601,29713633,29713657,29713667,29713681,29713687,29713703,29713709,29713711,29713741,29713753,29713781,29713787,29713799,29713829,29713877,29713883,29713919,29713927,29713939,
(1841170) | 29713969,29713987,29713991,29714017,29714021,29714023,29714057,29714059,29714077,29714117,29714123,29714129,29714131,29714149,29714173,29714189,29714197,29714203,29714239,29714261,
(1841190) | 29714263,29714273,29714287,29714303,29714323,29714327,29714339,29714359,29714369,29714389,29714393,29714407,29714437,29714449,29714483,29714491,29714533,29714539,29714549,29714557,
(1841210) | 29714561,29714563,29714569,29714579,29714611,29714617,29714639,29714683,29714687,29714693,29714719,29714749,29714753,29714777,29714801,29714807,29714809,29714831,29714843,29714851,
(1841230) | 29714891,29714903,29714933,29714941,29714953,29714989,29715001,29715013,29715017,29715047,29715067,29715071,29715083,29715089,29715097,29715121,29715131,29715151,29715157,29715197,
(1841250) | 29715199,29715209,29715211,29715223,29715229,29715247,29715251,29715289,29715331,29715347,29715349,29715359,29715377,29715383,29715407,29715431,29715461,29715463,29715467,29715503,
(1841270) | 29715509,29715523,29715557,29715571,29715583,29715593,29715617,29715619,29715629,29715641,29715667,29715733,29715737,29715757,29715761,29715769,29715781,29715787,29715799,29715817,
(1841290) | 29715827,29715863,29715869,29715871,29715877,29715883,29715901,29715919,29715937,29715941,29715947,29715953,29715979,29715989,29716007,29716013,29716033,29716067,29716109,29716111,
(1841310) | 29716123,29716129,29716151,29716189,29716201,29716223,29716231,29716237,29716243,29716249,29716261,29716273,29716279,29716301,29716307,29716331,29716339,29716363,29716369,29716373,
(1841330) | 29716381,29716429,29716441,29716447,29716457,29716469,29716499,29716501,29716559,29716567,29716579,29716597,29716601,29716613,29716639,29716651,29716657,29716669,29716691,29716727,
(1841350) | 29716747,29716751,29716763,29716769,29716777,29716783,29716787,29716811,29716847,29716861,29716871,29716873,29716889,29716891,29716903,29716919,29716933,29716937,29716961,29716993,
(1841370) | 29717033,29717041,29717057,29717063,29717069,29717089,29717099,29717119,29717137,29717143,29717147,29717201,29717221,29717239,29717243,29717269,29717279,29717291,29717321,29717323,
(1841390) | 29717329,29717341,29717371,29717393,29717417,29717419,29717423,29717447,29717453,29717459,29717461,29717477,29717491,29717537,29717551,29717557,29717563,29717573,29717591,29717593,
(1841410) | 29717617,29717641,29717657,29717693,29717711,29717713,29717719,29717741,29717761,29717791,29717803,29717813,29717827,29717833,29717839,29717851,29717861,29717867,29717893,29717911,
(1841430) | 29717929,29717939,29717981,29717999,29718037,29718043,29718083,29718097,29718133,29718179,29718191,29718197,29718239,29718259,29718307,29718331,29718343,29718347,29718383,29718401,
(1841450) | 29718421,29718439,29718443,29718463,29718467,29718473,29718503,29718509,29718539,29718551,29718583,29718589,29718593,29718629,29718631,29718653,29718701,29718751,29718779,29718781,
(1841470) | 29718797,29718803,29718847,29718877,29718893,29718901,29718911,29718937,29718971,29718979,29719003,29719031,29719051,29719069,29719073,29719091,29719121,29719141,29719159,29719163,
(1841490) | 29719169,29719187,29719189,29719199,29719231,29719237,29719241,29719253,29719267,29719271,29719279,29719307,29719309,29719331,29719337,29719343,29719387,29719429,29719441,29719447,
(1841510) | 29719453,29719457,29719489,29719499,29719511,29719513,29719523,29719537,29719567,29719601,29719609,29719619,29719633,29719649,29719661,29719673,29719691,29719699,29719709,29719717,
(1841530) | 29719747,29719771,29719777,29719783,29719787,29719799,29719801,29719813,29719847,29719853,29719891,29719901,29719913,29719939,29719951,29719967,29719969,29719973,29719981,29719997,
(1841550) | 29720003,29720023,29720057,29720107,29720113,29720137,29720147,29720177,29720179,29720191,29720219,29720221,29720239,29720261,29720269,29720281,29720291,29720293,29720303,29720311,
(1841570) | 29720371,29720399,29720401,29720419,29720423,29720441,29720459,29720461,29720477,29720507,29720519,29720609,29720627,29720629,29720683,29720689,29720699,29720701,29720707,29720711,
(1841590) | 29720729,29720741,29720759,29720791,29720797,29720839,29720851,29720861,29720891,29720893,29720903,29720983,29720987,29720989,29720993,29721007,29721011,29721017,29721031,29721047,
(1841610) | 29721053,29721059,29721067,29721071,29721103,29721113,29721137,29721163,29721203,29721233,29721271,29721277,29721347,29721353,29721403,29721409,29721413,29721431,29721443,29721449,
(1841630) | 29721469,29721493,29721511,29721521,29721547,29721551,29721563,29721569,29721611,29721613,29721623,29721647,29721649,29721667,29721677,29721689,29721691,29721707,29721709,29721721,
(1841650) | 29721733,29721737,29721751,29721779,29721787,29721799,29721821,29721859,29721883,29721917,29721931,29721943,29721961,29721971,29721973,29721997,29722009,29722019,29722027,29722081,
(1841670) | 29722117,29722123,29722127,29722151,29722153,29722157,29722177,29722181,29722183,29722207,29722219,29722223,29722243,29722261,29722267,29722271,29722313,29722321,29722333,29722337,
(1841690) | 29722367,29722369,29722379,29722391,29722393,29722411,29722421,29722423,29722457,29722481,29722501,29722519,29722547,29722571,29722573,29722621,29722633,29722639,29722657,29722691,
(1841710) | 29722697,29722703,29722717,29722727,29722747,29722789,29722811,29722829,29722841,29722873,29722907,29722949,29722981,29722997,29723003,29723027,29723033,29723041,29723059,29723069,
(1841730) | 29723077,29723093,29723137,29723147,29723167,29723179,29723219,29723233,29723269,29723273,29723279,29723299,29723311,29723333,29723339,29723357,29723371,29723377,29723381,29723399,
(1841750) | 29723413,29723417,29723437,29723443,29723459,29723479,29723501,29723509,29723569,29723587,29723591,29723609,29723641,29723651,29723689,29723717,29723723,29723747,29723767,29723777,
(1841770) | 29723783,29723789,29723801,29723819,29723857,29723867,29723887,29723891,29723909,29723917,29723929,29723957,29723959,29723963,29723983,29723989,29724011,29724017,29724029,29724053,
(1841790) | 29724091,29724103,29724181,29724187,29724193,29724197,29724229,29724239,29724241,29724269,29724271,29724281,29724287,29724301,29724307,29724323,29724329,29724353,29724371,29724397,
(1841810) | 29724403,29724407,29724413,29724419,29724421,29724427,29724433,29724437,29724439,29724463,29724469,29724473,29724511,29724521,29724559,29724587,29724599,29724601,29724659,29724677,
(1841830) | 29724689,29724697,29724703,29724749,29724781,29724787,29724791,29724811,29724833,29724839,29724847,29724853,29724869,29724881,29724899,29724917,29724941,29724973,29724977,29724979,
(1841850) | 29725037,29725043,29725051,29725057,29725067,29725081,29725099,29725109,29725183,29725193,29725207,29725211,29725217,29725229,29725237,29725243,29725259,29725271,29725273,29725279,
(1841870) | 29725313,29725327,29725337,29725343,29725363,29725403,29725417,29725429,29725457,29725459,29725463,29725511,29725523,29725529,29725543,29725561,29725607,29725627,29725643,29725651,
(1841890) | 29725669,29725681,29725693,29725699,29725723,29725757,29725781,29725789,29725799,29725847,29725853,29725859,29725873,29725897,29725901,29725919,29725933,29725939,29725961,29725963,
(1841910) | 29725987,29725999,29726003,29726027,29726063,29726069,29726077,29726087,29726141,29726159,29726161,29726171,29726227,29726233,29726239,29726273,29726293,29726297,29726299,29726309,
(1841930) | 29726311,29726339,29726369,29726381,29726399,29726407,29726413,29726423,29726441,29726447,29726453,29726461,29726467,29726491,29726527,29726539,29726561,29726563,29726579,29726597,
(1841950) | 29726647,29726657,29726677,29726689,29726729,29726731,29726747,29726771,29726783,29726789,29726791,29726813,29726821,29726843,29726857,29726869,29726881,29726891,29726899,29726909,
(1841970) | 29726959,29726969,29726993,29727037,29727053,29727073,29727079,29727097,29727119,29727121,29727149,29727151,29727161,29727167,29727199,29727221,29727241,29727251,29727281,29727301,
(1841990) | 29727323,29727331,29727353,29727361,29727371,29727389,29727421,29727469,29727473,29727499,29727517,29727527,29727553,29727559,29727587,29727601,29727619,29727653,29727671,29727673,
(1842010) | 29727689,29727721,29727743,29727751,29727827,29727839,29727877,29727889,29727899,29727931,29727947,29727949,29727953,29727979,29727991,29728003,29728021,29728031,29728063,29728067,
(1842030) | 29728081,29728091,29728099,29728109,29728129,29728183,29728187,29728201,29728211,29728243,29728247,29728249,29728261,29728267,29728313,29728337,29728343,29728357,29728373,29728399,
(1842050) | 29728409,29728417,29728453,29728459,29728477,29728513,29728519,29728549,29728553,29728561,29728579,29728583,29728591,29728607,29728619,29728639,29728667,29728681,29728687,29728693,
(1842070) | 29728697,29728717,29728757,29728763,29728793,29728817,29728819,29728823,29728837,29728847,29728873,29728879,29728883,29728891,29728913,29728943,29728961,29728967,29728991,29729017,
(1842090) | 29729027,29729033,29729071,29729099,29729111,29729113,29729123,29729153,29729197,29729233,29729261,29729269,29729291,29729309,29729327,29729351,29729353,29729377,29729443,29729477,
(1842110) | 29729489,29729561,29729563,29729587,29729597,29729599,29729603,29729621,29729657,29729663,29729671,29729683,29729717,29729729,29729741,29729771,29729773,29729779,29729807,29729809,
(1842130) | 29729849,29729857,29729863,29729891,29729929,29729939,29729971,29729983,29729989,29729993,29730011,29730031,29730037,29730049,29730061,29730067,29730083,29730091,29730097,29730121,
(1842150) | 29730131,29730143,29730163,29730227,29730247,29730251,29730287,29730301,29730313,29730317,29730343,29730347,29730359,29730373,29730377,29730409,29730419,29730443,29730473,29730511,
(1842170) | 29730521,29730527,29730557,29730563,29730577,29730593,29730601,29730629,29730653,29730661,29730677,29730689,29730703,29730733,29730737,29730769,29730793,29730803,29730809,29730823,
(1842190) | 29730859,29730889,29730893,29730917,29730923,29730941,29730997,29731001,29731007,29731021,29731063,29731069,29731099,29731123,29731129,29731133,29731153,29731171,29731193,29731211,
(1842210) | 29731231,29731243,29731253,29731267,29731271,29731277,29731279,29731291,29731297,29731301,29731319,29731337,29731381,29731393,29731397,29731411,29731423,29731439,29731459,29731469,
(1842230) | 29731483,29731489,29731501,29731529,29731531,29731553,29731577,29731613,29731621,29731631,29731649,29731651,29731661,29731687,29731711,29731717,29731733,29731783,29731787,29731813,
(1842250) | 29731817,29731829,29731841,29731859,29731879,29731909,29731913,29731927,29731937,29731943,29731969,29731973,29731981,29732033,29732041,29732063,29732111,29732113,29732117,29732147,
(1842270) | 29732159,29732161,29732191,29732231,29732237,29732249,29732251,29732267,29732281,29732291,29732309,29732323,29732333,29732347,29732363,29732369,29732383,29732387,29732419,29732449,
(1842290) | 29732459,29732477,29732531,29732539,29732543,29732551,29732557,29732561,29732579,29732603,29732611,29732617,29732621,29732641,29732653,29732669,29732671,29732753,29732771,29732783,
(1842310) | 29732797,29732821,29732849,29732851,29732863,29732887,29732921,29732933,29732953,29732971,29732977,29732987,29733019,29733029,29733037,29733071,29733083,29733103,29733107,29733133,
(1842330) | 29733191,29733211,29733251,29733269,29733283,29733293,29733299,29733329,29733343,29733349,29733359,29733373,29733383,29733409,29733419,29733437,29733443,29733479,29733523,29733547,
(1842350) | 29733553,29733559,29733611,29733623,29733631,29733637,29733643,29733653,29733659,29733661,29733667,29733673,29733707,29733709,29733713,29733721,29733793,29733797,29733827,29733853,
(1842370) | 29733859,29733881,29733883,29733889,29733911,29733919,29733923,29733943,29733953,29733959,29733989,29734013,29734021,29734043,29734079,29734087,29734091,29734093,29734121,29734153,
(1842390) | 29734189,29734223,29734231,29734247,29734261,29734319,29734333,29734351,29734361,29734379,29734417,29734427,29734429,29734459,29734489,29734493,29734531,29734559,29734567,29734571,
(1842410) | 29734591,29734609,29734619,29734651,29734669,29734681,29734693,29734697,29734763,29734781,29734813,29734823,29734841,29734843,29734847,29734849,29734897,29734909,29734919,29734927,
(1842430) | 29734951,29734987,29734993,29735003,29735009,29735011,29735029,29735039,29735051,29735077,29735089,29735117,29735129,29735131,29735137,29735183,29735197,29735201,29735207,29735213,
(1842450) | 29735219,29735239,29735257,29735263,29735269,29735281,29735287,29735311,29735327,29735347,29735359,29735369,29735423,29735449,29735477,29735501,29735509,29735543,29735561,29735579,
(1842470) | 29735593,29735599,29735639,29735647,29735681,29735729,29735749,29735767,29735773,29735801,29735831,29735843,29735857,29735863,29735887,29735891,29735897,29735903,29735921,29735999,
(1842490) | 29736001,29736013,29736023,29736041,29736053,29736071,29736073,29736143,29736151,29736163,29736167,29736191,29736199,29736209,29736229,29736241,29736251,29736257,29736269,29736283,
(1842510) | 29736293,29736299,29736307,29736313,29736353,29736359,29736389,29736437,29736449,29736457,29736467,29736479,29736517,29736523,29736527,29736529,29736557,29736563,29736569,29736583,
(1842530) | 29736589,29736593,29736601,29736643,29736667,29736673,29736683,29736697,29736701,29736703,29736713,29736727,29736737,29736761,29736787,29736793,29736823,29736841,29736851,29736871,
(1842550) | 29736877,29736901,29736913,29736979,29736983,29736989,29736997,29737009,29737021,29737039,29737049,29737051,29737067,29737087,29737111,29737129,29737139,29737181,29737237,29737241,
(1842570) | 29737249,29737283,29737289,29737291,29737313,29737319,29737349,29737361,29737373,29737391,29737483,29737493,29737501,29737507,29737517,29737541,29737559,29737567,29737571,29737577,
(1842590) | 29737583,29737601,29737619,29737627,29737637,29737661,29737667,29737691,29737693,29737739,29737753,29737769,29737783,29737787,29737801,29737819,29737843,29737849,29737901,29737909,
(1842610) | 29737931,29737933,29737943,29737951,29737979,29738039,29738041,29738063,29738089,29738123,29738167,29738197,29738201,29738213,29738221,29738231,29738237,29738281,29738329,29738341,
(1842630) | 29738347,29738351,29738381,29738383,29738437,29738473,29738479,29738497,29738507,29738539,29738581,29738587,29738623,29738663,29738669,29738689,29738719,29738741,29738767,29738789,
(1842650) | 29738803,29738851,29738867,29738887,29738897,29738909,29738927,29738957,29738963,29738999,29739011,29739041,29739071,29739077,29739079,29739091,29739113,29739163,29739173,29739179,
(1842670) | 29739217,29739221,29739247,29739257,29739263,29739271,29739287,29739289,29739301,29739319,29739361,29739371,29739373,29739377,29739401,29739407,29739419,29739449,29739461,29739469,
(1842690) | 29739517,29739533,29739547,29739553,29739581,29739583,29739607,29739643,29739659,29739683,29739701,29739707,29739709,29739727,29739733,29739779,29739781,29739799,29739803,29739847,
(1842710) | 29739859,29739863,29739889,29739907,29739967,29739977,29740003,29740031,29740043,29740057,29740063,29740069,29740091,29740099,29740121,29740141,29740153,29740159,29740163,29740171,
(1842730) | 29740177,29740213,29740229,29740231,29740241,29740279,29740289,29740309,29740349,29740369,29740387,29740411,29740421,29740427,29740441,29740481,29740483,29740511,29740517,29740523,
(1842750) | 29740547,29740559,29740589,29740591,29740609,29740639,29740651,29740663,29740673,29740691,29740717,29740723,29740741,29740783,29740793,29740807,29740813,29740849,29740853,29740861,
(1842770) | 29740877,29740883,29740889,29740903,29740927,29740943,29740951,29740957,29740961,29740969,29740999,29741011,29741017,29741021,29741027,29741053,29741069,29741077,29741161,29741189,
(1842790) | 29741203,29741227,29741249,29741263,29741281,29741293,29741333,29741351,29741363,29741389,29741419,29741429,29741477,29741497,29741513,29741519,29741527,29741549,29741557,29741563,
(1842810) | 29741567,29741581,29741603,29741611,29741629,29741633,29741651,29741671,29741729,29741771,29741779,29741797,29741801,29741807,29741813,29741869,29741893,29741909,29741911,29741917,
(1842830) | 29741941,29741951,29741963,29741977,29741981,29741983,29742001,29742007,29742029,29742079,29742091,29742127,29742143,29742173,29742203,29742227,29742233,29742253,29742259,29742269,
(1842850) | 29742301,29742311,29742347,29742373,29742389,29742409,29742421,29742443,29742457,29742481,29742491,29742497,29742509,29742527,29742529,29742553,29742569,29742599,29742623,29742637,
(1842870) | 29742677,29742731,29742743,29742761,29742767,29742793,29742829,29742851,29742871,29742899,29742907,29742913,29742943,29742953,29742959,29742989,29743003,29743027,29743031,29743039,
(1842890) | 29743073,29743097,29743127,29743171,29743199,29743211,29743213,29743223,29743247,29743261,29743267,29743271,29743277,29743279,29743313,29743331,29743333,29743361,29743367,29743411,
(1842910) | 29743457,29743471,29743481,29743507,29743537,29743543,29743559,29743561,29743603,29743613,29743627,29743633,29743643,29743657,29743673,29743699,29743709,29743723,29743757,29743801,
(1842930) | 29743823,29743837,29743841,29743843,29743859,29743867,29743871,29743891,29743919,29743921,29743927,29743939,29743951,29743969,29743993,29744017,29744023,29744051,29744059,29744087,
(1842950) | 29744093,29744119,29744153,29744167,29744171,29744179,29744191,29744213,29744233,29744257,29744269,29744293,29744333,29744381,29744383,29744387,29744389,29744413,29744419,29744453,
(1842970) | 29744521,29744549,29744551,29744563,29744567,29744569,29744573,29744587,29744591,29744623,29744629,29744641,29744647,29744711,29744723,29744731,29744753,29744783,29744809,29744831,
(1842990) | 29744867,29744873,29744879,29744887,29744941,29744971,29744987,29744989,29745007,29745011,29745017,29745041,29745043,29745059,29745071,29745073,29745083,29745109,29745139,29745143,
(1843010) | 29745169,29745173,29745179,29745181,29745197,29745211,29745259,29745269,29745319,29745347,29745367,29745403,29745413,29745433,29745449,29745467,29745481,29745493,29745511,29745517,
(1843030) | 29745553,29745571,29745589,29745593,29745607,29745643,29745649,29745671,29745719,29745731,29745757,29745761,29745797,29745839,29745841,29745871,29745883,29745899,29745901,29745953,
(1843050) | 29745959,29745997,29746009,29746021,29746027,29746037,29746043,29746049,29746063,29746069,29746097,29746099,29746103,29746111,29746127,29746133,29746163,29746177,29746183,29746237,
(1843070) | 29746271,29746273,29746313,29746331,29746333,29746351,29746357,29746369,29746403,29746433,29746439,29746463,29746471,29746477,29746513,29746529,29746537,29746543,29746579,29746603,
(1843090) | 29746627,29746637,29746643,29746649,29746681,29746687,29746693,29746733,29746741,29746777,29746789,29746793,29746819,29746867,29746891,29746901,29746903,29746907,29746909,29746919,
(1843110) | 29746931,29746933,29746943,29746987,29746999,29747071,29747143,29747153,29747167,29747173,29747183,29747239,29747309,29747317,29747351,29747401,29747423,29747437,29747447,29747477,
(1843130) | 29747479,29747527,29747539,29747561,29747563,29747567,29747581,29747617,29747621,29747629,29747633,29747639,29747657,29747659,29747689,29747723,29747737,29747747,29747759,29747761,
(1843150) | 29747779,29747789,29747801,29747827,29747843,29747849,29747857,29747891,29747897,29747899,29747911,29747917,29747951,29747969,29747981,29747987,29748013,29748023,29748031,29748049,
(1843170) | 29748071,29748097,29748101,29748107,29748119,29748139,29748143,29748149,29748163,29748233,29748263,29748289,29748293,29748307,29748343,29748349,29748371,29748391,29748409,29748421,
(1843190) | 29748427,29748431,29748443,29748457,29748479,29748491,29748497,29748557,29748571,29748601,29748643,29748671,29748701,29748713,29748743,29748767,29748781,29748811,29748839,29748841,
(1843210) | 29748853,29748857,29748863,29748881,29748923,29748941,29748947,29748973,29748989,29749007,29749009,29749019,29749021,29749037,29749081,29749087,29749091,29749121,29749141,29749211,
(1843230) | 29749217,29749219,29749241,29749259,29749277,29749283,29749339,29749381,29749399,29749409,29749417,29749427,29749453,29749457,29749469,29749481,29749487,29749493,29749513,29749529,
(1843250) | 29749579,29749597,29749613,29749631,29749661,29749667,29749669,29749691,29749717,29749721,29749729,29749777,29749793,29749817,29749823,29749829,29749831,29749843,29749871,29749873,
(1843270) | 29749891,29749921,29749933,29749957,29749963,29750009,29750011,29750033,29750041,29750047,29750053,29750059,29750069,29750089,29750093,29750113,29750117,29750129,29750137,29750141,
(1843290) | 29750167,29750179,29750197,29750209,29750233,29750239,29750261,29750299,29750311,29750353,29750381,29750407,29750419,29750423,29750443,29750467,29750503,29750519,29750521,29750537,
(1843310) | 29750563,29750621,29750641,29750647,29750659,29750683,29750717,29750741,29750759,29750761,29750801,29750837,29750843,29750873,29750887,29750899,29750909,29750911,29750933,29750939,
(1843330) | 29750947,29750951,29750957,29750989,29750999,29751023,29751031,29751061,29751067,29751079,29751119,29751133,29751181,29751191,29751221,29751233,29751257,29751263,29751287,29751299,
(1843350) | 29751341,29751353,29751373,29751389,29751427,29751439,29751461,29751481,29751493,29751503,29751521,29751563,29751569,29751607,29751613,29751629,29751641,29751647,29751679,29751697,
(1843370) | 29751703,29751727,29751749,29751781,29751791,29751793,29751817,29751833,29751881,29751889,29751907,29751961,29751973,29752007,29752013,29752049,29752061,29752069,29752117,29752123,
(1843390) | 29752139,29752147,29752187,29752189,29752211,29752213,29752223,29752241,29752243,29752249,29752267,29752279,29752297,29752351,29752369,29752379,29752399,29752421,29752439,29752483,
(1843410) | 29752487,29752507,29752549,29752559,29752571,29752573,29752607,29752609,29752627,29752631,29752649,29752691,29752693,29752711,29752717,29752721,29752781,29752783,29752799,29752813,
(1843430) | 29752831,29752837,29752867,29752897,29752903,29752937,29752951,29752969,29752973,29753011,29753023,29753027,29753039,29753063,29753071,29753131,29753173,29753197,29753219,29753231,
(1843450) | 29753257,29753261,29753279,29753309,29753327,29753341,29753351,29753357,29753359,29753369,29753371,29753389,29753419,29753431,29753441,29753447,29753461,29753483,29753509,29753527,
(1843470) | 29753557,29753567,29753569,29753599,29753611,29753653,29753657,29753663,29753693,29753701,29753719,29753729,29753747,29753749,29753767,29753777,29753783,29753803,29753813,29753819,
(1843490) | 29753833,29753879,29753887,29753891,29753897,29753989,29754037,29754059,29754061,29754073,29754077,29754083,29754091,29754107,29754119,29754139,29754163,29754167,29754173,29754187,
(1843510) | 29754191,29754227,29754229,29754251,29754259,29754269,29754311,29754313,29754343,29754371,29754457,29754469,29754497,29754503,29754511,29754521,29754547,29754559,29754611,29754629,
(1843530) | 29754631,29754671,29754691,29754707,29754731,29754733,29754773,29754787,29754793,29754833,29754859,29754863,29754869,29754937,29754943,29754953,29754979,29754983,29755021,29755027,
(1843550) | 29755051,29755069,29755079,29755081,29755093,29755109,29755139,29755157,29755163,29755181,29755223,29755241,29755249,29755267,29755279,29755283,29755291,29755301,29755333,29755339,
(1843570) | 29755343,29755351,29755367,29755379,29755393,29755409,29755433,29755447,29755477,29755483,29755493,29755507,29755549,29755553,29755589,29755619,29755639,29755667,29755673,29755681,
(1843590) | 29755697,29755703,29755723,29755741,29755751,29755757,29755771,29755787,29755793,29755811,29755837,29755849,29755879,29755889,29755927,29755931,29755937,29755961,29755963,29755991,
(1843610) | 29756003,29756009,29756017,29756039,29756047,29756087,29756093,29756099,29756113,29756141,29756143,29756149,29756179,29756183,29756191,29756269,29756303,29756323,29756327,29756329,
(1843630) | 29756339,29756347,29756369,29756383,29756417,29756429,29756431,29756453,29756459,29756483,29756491,29756501,29756539,29756543,29756563,29756567,29756599,29756627,29756659,29756707,
(1843650) | 29756711,29756723,29756729,29756743,29756759,29756761,29756789,29756809,29756833,29756849,29756861,29756879,29756887,29756893,29756899,29756921,29756927,29756941,29756957,29756971,
(1843670) | 29757001,29757011,29757031,29757037,29757041,29757073,29757083,29757113,29757121,29757127,29757137,29757149,29757163,29757197,29757199,29757263,29757269,29757271,29757281,29757289,
(1843690) | 29757317,29757323,29757341,29757353,29757367,29757389,29757391,29757407,29757457,29757467,29757479,29757493,29757499,29757503,29757517,29757521,29757527,29757571,29757577,29757593,
(1843710) | 29757643,29757649,29757659,29757671,29757709,29757719,29757727,29757779,29757823,29757851,29757853,29757859,29757887,29757899,29757901,29757911,29757913,29757919,29757977,29757979,
(1843730) | 29757989,29758013,29758019,29758033,29758049,29758081,29758103,29758121,29758133,29758153,29758163,29758189,29758217,29758219,29758247,29758271,29758277,29758303,29758327,29758331,
(1843750) | 29758349,29758363,29758367,29758369,29758403,29758409,29758411,29758433,29758447,29758453,29758457,29758499,29758501,29758507,29758511,29758577,29758583,29758601,29758609,29758621,
(1843770) | 29758633,29758639,29758643,29758679,29758697,29758699,29758763,29758777,29758783,29758793,29758837,29758847,29758867,29758871,29758873,29758931,29758957,29758969,29758979,29758991,
(1843790) | 29759029,29759089,29759099,29759117,29759123,29759167,29759173,29759203,29759267,29759273,29759291,29759293,29759321,29759329,29759351,29759357,29759363,29759381,29759393,29759407,
(1843810) | 29759441,29759449,29759461,29759479,29759497,29759501,29759557,29759593,29759599,29759603,29759627,29759629,29759641,29759669,29759671,29759683,29759689,29759699,29759701,29759711,
(1843830) | 29759747,29759753,29759759,29759767,29759813,29759819,29759831,29759857,29759881,29759897,29759903,29759921,29759957,29759971,29759981,29759987,29760089,29760103,29760109,29760113,
(1843850) | 29760121,29760151,29760167,29760191,29760193,29760197,29760233,29760239,29760287,29760307,29760323,29760331,29760337,29760347,29760349,29760457,29760463,29760481,29760487,29760491,
(1843870) | 29760499,29760539,29760553,29760571,29760581,29760587,29760607,29760637,29760673,29760737,29760739,29760751,29760767,29760769,29760791,29760803,29760833,29760851,29760853,29760869,
(1843890) | 29760877,29760883,29760947,29760953,29760967,29760971,29761003,29761009,29761013,29761019,29761021,29761027,29761063,29761073,29761079,29761093,29761097,29761153,29761159,29761181,
(1843910) | 29761187,29761189,29761213,29761217,29761219,29761231,29761243,29761261,29761327,29761349,29761397,29761427,29761439,29761451,29761483,29761489,29761493,29761499,29761507,29761513,
(1843930) | 29761549,29761573,29761583,29761603,29761607,29761621,29761631,29761639,29761661,29761663,29761757,29761807,29761841,29761861,29761889,29761903,29761909,29761913,29761937,29761939,
(1843950) | 29761957,29761967,29761969,29761987,29762009,29762039,29762059,29762093,29762099,29762101,29762107,29762119,29762129,29762143,29762147,29762153,29762191,29762209,29762221,29762273,
(1843970) | 29762287,29762329,29762339,29762347,29762353,29762363,29762423,29762459,29762471,29762477,29762479,29762501,29762507,29762533,29762543,29762581,29762587,29762591,29762617,29762633,
(1843990) | 29762641,29762657,29762669,29762687,29762701,29762717,29762737,29762741,29762771,29762783,29762791,29762809,29762833,29762849,29762879,29762893,29762917,29762933,29762959,29762981,
(1844010) | 29763001,29763017,29763023,29763043,29763047,29763061,29763103,29763137,29763161,29763169,29763191,29763203,29763211,29763221,29763229,29763257,29763299,29763301,29763319,29763337,
(1844030) | 29763347,29763397,29763421,29763467,29763479,29763493,29763497,29763509,29763511,29763521,29763523,29763527,29763529,29763533,29763563,29763607,29763631,29763641,29763667,29763673,
(1844050) | 29763703,29763707,29763731,29763733,29763739,29763743,29763749,29763757,29763763,29763781,29763809,29763857,29763859,29763887,29763893,29763949,29763977,29763983,29763997,29764027,
(1844070) | 29764057,29764129,29764153,29764193,29764211,29764249,29764253,29764271,29764283,29764291,29764307,29764337,29764373,29764387,29764403,29764417,29764439,29764561,29764573,29764591,
(1844090) | 29764597,29764601,29764627,29764649,29764661,29764711,29764717,29764723,29764753,29764789,29764799,29764859,29764873,29764883,29764897,29764913,29764937,29764949,29764961,29764981,
(1844110) | 29764997,29765017,29765023,29765033,29765041,29765069,29765081,29765083,29765089,29765111,29765123,29765143,29765167,29765201,29765207,29765231,29765233,29765237,29765257,29765273,
(1844130) | 29765297,29765311,29765327,29765347,29765357,29765369,29765389,29765399,29765413,29765423,29765431,29765471,29765497,29765507,29765509,29765569,29765591,29765597,29765627,29765633,
(1844150) | 29765639,29765641,29765651,29765663,29765693,29765717,29765741,29765779,29765789,29765819,29765833,29765843,29765851,29765903,29765909,29765917,29765971,29765999,29766017,29766029,
(1844170) | 29766043,29766067,29766083,29766091,29766119,29766131,29766137,29766193,29766203,29766229,29766239,29766251,29766271,29766299,29766313,29766329,29766343,29766349,29766367,29766379,
(1844190) | 29766391,29766409,29766419,29766421,29766427,29766467,29766469,29766481,29766491,29766493,29766547,29766551,29766601,29766629,29766683,29766689,29766713,29766721,29766757,29766767,
(1844210) | 29766769,29766791,29766797,29766817,29766859,29766887,29766889,29766917,29766923,29766931,29766937,29766941,29766967,29767007,29767009,29767019,29767033,29767057,29767061,29767081,
(1844230) | 29767097,29767117,29767123,29767139,29767147,29767151,29767169,29767181,29767201,29767217,29767219,29767237,29767259,29767301,29767303,29767307,29767321,29767327,29767333,29767337,
(1844250) | 29767349,29767373,29767379,29767411,29767421,29767469,29767483,29767487,29767513,29767519,29767537,29767571,29767603,29767607,29767627,29767637,29767643,29767649,29767679,29767691,
(1844270) | 29767723,29767729,29767733,29767747,29767769,29767783,29767789,29767807,29767811,29767841,29767849,29767853,29767861,29767883,29767897,29767951,29767963,29767973,29767979,29767993,
(1844290) | 29768021,29768027,29768059,29768077,29768087,29768093,29768107,29768113,29768129,29768143,29768161,29768171,29768177,29768191,29768209,29768243,29768257,29768261,29768267,29768293,
(1844310) | 29768327,29768353,29768357,29768369,29768393,29768407,29768423,29768429,29768441,29768449,29768467,29768483,29768521,29768539,29768551,29768603,29768623,29768633,29768659,29768677,
(1844330) | 29768689,29768699,29768723,29768731,29768737,29768741,29768777,29768789,29768797,29768803,29768807,29768821,29768873,29768891,29768909,29768917,29768933,29768941,29768983,29769011,
(1844350) | 29769013,29769041,29769073,29769097,29769133,29769151,29769211,29769221,29769247,29769263,29769277,29769319,29769347,29769379,29769391,29769401,29769413,29769469,29769529,29769541,
(1844370) | 29769547,29769563,29769583,29769611,29769629,29769653,29769673,29769697,29769709,29769739,29769763,29769791,29769799,29769811,29769829,29769899,29769913,29769917,29769931,29769947,
(1844390) | 29769959,29769967,29769973,29769989,29770003,29770031,29770063,29770099,29770121,29770127,29770151,29770159,29770187,29770241,29770253,29770267,29770271,29770291,29770313,29770343,
(1844410) | 29770361,29770373,29770393,29770409,29770423,29770427,29770453,29770493,29770529,29770541,29770567,29770591,29770613,29770619,29770639,29770651,29770669,29770679,29770691,29770703,
(1844430) | 29770709,29770721,29770753,29770771,29770781,29770801,29770813,29770831,29770883,29770889,29770957,29770963,29770969,29770991,29771003,29771011,29771033,29771041,29771047,29771083,
(1844450) | 29771087,29771089,29771099,29771117,29771167,29771171,29771201,29771237,29771239,29771251,29771263,29771281,29771293,29771297,29771303,29771389,29771393,29771419,29771431,29771447,
(1844470) | 29771449,29771473,29771491,29771509,29771551,29771557,29771593,29771627,29771629,29771653,29771659,29771671,29771681,29771701,29771713,29771723,29771747,29771759,29771761,29771767,
(1844490) | 29771773,29771779,29771783,29771801,29771869,29771887,29771891,29771897,29771899,29771909,29771921,29771927,29771957,29771969,29771971,29772007,29772011,29772037,29772077,29772079,
(1844510) | 29772091,29772133,29772139,29772157,29772163,29772173,29772181,29772199,29772203,29772251,29772257,29772263,29772269,29772283,29772293,29772313,29772317,29772329,29772343,29772361,
(1844530) | 29772367,29772371,29772377,29772397,29772401,29772409,29772427,29772433,29772443,29772451,29772461,29772467,29772481,29772497,29772499,29772503,29772517,29772551,29772569,29772571,
(1844550) | 29772577,29772581,29772583,29772599,29772607,29772619,29772629,29772671,29772707,29772709,29772713,29772731,29772749,29772773,29772779,29772811,29772817,29772839,29772851,29772863,
(1844570) | 29772887,29772913,29772923,29772931,29772959,29772983,29773021,29773027,29773033,29773039,29773067,29773087,29773097,29773099,29773147,29773151,29773153,29773187,29773199,29773217,
(1844590) | 29773253,29773297,29773301,29773309,29773313,29773327,29773349,29773363,29773379,29773391,29773397,29773433,29773451,29773463,29773481,29773507,29773519,29773537,29773543,29773553,
(1844610) | 29773559,29773603,29773619,29773621,29773643,29773649,29773663,29773669,29773693,29773697,29773699,29773717,29773729,29773739,29773747,29773763,29773769,29773771,29773801,29773823,
(1844630) | 29773829,29773847,29773873,29773879,29773883,29773897,29773907,29773943,29773993,29774047,29774051,29774057,29774081,29774111,29774117,29774119,29774131,29774137,29774153,29774179,
(1844650) | 29774183,29774203,29774209,29774267,29774299,29774309,29774321,29774357,29774369,29774377,29774399,29774411,29774461,29774467,29774471,29774513,29774551,29774557,29774573,29774587,
(1844670) | 29774617,29774639,29774671,29774687,29774743,29774747,29774761,29774779,29774807,29774813,29774879,29774891,29774929,29774933,29774947,29774951,29774959,29774971,29774981,29774989,
(1844690) | 29774993,29775013,29775037,29775073,29775079,29775089,29775107,29775113,29775127,29775131,29775139,29775149,29775173,29775209,29775233,29775281,29775287,29775289,29775293,29775301,
(1844710) | 29775311,29775323,29775331,29775349,29775367,29775391,29775433,29775437,29775439,29775457,29775463,29775467,29775497,29775509,29775523,29775601,29775611,29775617,29775631,29775637,
(1844730) | 29775649,29775659,29775661,29775673,29775677,29775689,29775701,29775719,29775743,29775749,29775761,29775797,29775821,29775833,29775859,29775883,29775887,29775899,29775901,29775917,
(1844750) | 29775923,29775931,29775979,29775989,29775997,29776013,29776037,29776049,29776057,29776121,29776133,29776139,29776177,29776181,29776223,29776261,29776303,29776319,29776321,29776343,
(1844770) | 29776361,29776391,29776403,29776433,29776447,29776457,29776459,29776489,29776493,29776529,29776541,29776543,29776561,29776567,29776573,29776583,29776589,29776603,29776613,29776633,
(1844790) | 29776657,29776739,29776753,29776757,29776763,29776787,29776793,29776811,29776837,29776841,29776847,29776861,29776867,29776871,29776891,29776907,29776951,29776961,29776987,29776993,
(1844810) | 29777017,29777021,29777023,29777051,29777107,29777117,29777129,29777159,29777173,29777177,29777191,29777201,29777207,29777213,29777219,29777221,29777243,29777257,29777261,29777281,
(1844830) | 29777299,29777303,29777311,29777323,29777327,29777339,29777369,29777401,29777411,29777417,29777491,29777507,29777509,29777513,29777533,29777537,29777551,29777567,29777569,29777581,
(1844850) | 29777597,29777611,29777623,29777641,29777669,29777687,29777689,29777723,29777773,29777791,29777879,29777899,29777927,29777953,29777977,29777989,29778043,29778053,29778061,29778107,
(1844870) | 29778121,29778131,29778137,29778167,29778193,29778223,29778239,29778241,29778247,29778251,29778253,29778277,29778283,29778289,29778299,29778319,29778349,29778367,29778443,29778487,
(1844890) | 29778493,29778517,29778521,29778523,29778533,29778547,29778571,29778613,29778649,29778677,29778689,29778703,29778733,29778743,29778799,29778803,29778809,29778811,29778829,29778841,
(1844910) | 29778851,29778857,29778863,29778877,29778907,29778929,29778961,29778967,29779007,29779037,29779039,29779049,29779067,29779069,29779073,29779081,29779147,29779151,29779159,29779171,
(1844930) | 29779231,29779249,29779261,29779271,29779283,29779331,29779333,29779357,29779369,29779381,29779397,29779417,29779429,29779447,29779501,29779511,29779513,29779523,29779543,29779567,
(1844950) | 29779579,29779609,29779613,29779619,29779621,29779637,29779661,29779663,29779703,29779721,29779727,29779751,29779787,29779793,29779829,29779831,29779843,29779879,29779889,29779891,
(1844970) | 29779901,29779913,29779943,29779949,29779957,29779961,29779969,29779979,29779987,29779991,29780029,29780053,29780137,29780159,29780171,29780173,29780189,29780197,29780203,29780207,
(1844990) | 29780221,29780237,29780249,29780251,29780273,29780291,29780323,29780327,29780339,29780369,29780407,29780411,29780431,29780437,29780459,29780489,29780497,29780501,29780503,29780507,
(1845010) | 29780533,29780567,29780579,29780591,29780599,29780659,29780669,29780689,29780711,29780713,29780717,29780747,29780761,29780783,29780797,29780827,29780831,29780833,29780851,29780873,
(1845030) | 29780909,29780921,29780963,29780969,29780977,29781001,29781013,29781019,29781023,29781043,29781079,29781107,29781131,29781133,29781139,29781179,29781233,29781239,29781247,29781281,
(1845050) | 29781329,29781377,29781383,29781391,29781403,29781419,29781461,29781469,29781473,29781491,29781497,29781517,29781529,29781533,29781547,29781553,29781571,29781581,29781593,29781613,
(1845070) | 29781623,29781643,29781649,29781659,29781667,29781677,29781727,29781733,29781751,29781761,29781767,29781779,29781799,29781809,29781823,29781839,29781853,29781859,29781889,29781937,
(1845090) | 29781953,29781989,29782013,29782021,29782037,29782061,29782069,29782073,29782097,29782111,29782117,29782121,29782133,29782163,29782169,29782189,29782211,29782223,29782231,29782241,
(1845110) | 29782243,29782261,29782267,29782271,29782297,29782301,29782307,29782327,29782331,29782369,29782381,29782399,29782421,29782427,29782451,29782483,29782499,29782513,29782517,29782541,
(1845130) | 29782547,29782549,29782559,29782561,29782603,29782673,29782699,29782717,29782721,29782733,29782757,29782771,29782777,29782801,29782813,29782843,29782849,29782853,29782877,29782901,
(1845150) | 29782919,29782927,29782943,29782969,29783003,29783027,29783059,29783063,29783107,29783111,29783231,29783233,29783239,29783251,29783291,29783339,29783353,29783363,29783399,29783407,
(1845170) | 29783419,29783423,29783437,29783441,29783447,29783449,29783491,29783513,29783519,29783521,29783527,29783539,29783543,29783549,29783561,29783573,29783617,29783623,29783627,29783629,
(1845190) | 29783647,29783651,29783681,29783683,29783687,29783701,29783707,29783729,29783737,29783801,29783807,29783833,29783837,29783843,29783851,29783867,29783879,29783891,29783893,29783903,
(1845210) | 29783951,29783959,29783977,29783981,29784023,29784037,29784059,29784067,29784071,29784089,29784101,29784121,29784133,29784137,29784143,29784151,29784169,29784179,29784217,29784239,
(1845230) | 29784259,29784263,29784269,29784281,29784299,29784311,29784317,29784319,29784331,29784341,29784353,29784361,29784367,29784383,29784401,29784431,29784437,29784451,29784481,29784497,
(1845250) | 29784499,29784523,29784539,29784541,29784581,29784631,29784637,29784673,29784679,29784709,29784721,29784757,29784763,29784773,29784787,29784791,29784857,29784869,29784899,29784907,
(1845270) | 29784919,29784991,29785043,29785087,29785097,29785109,29785123,29785127,29785159,29785177,29785181,29785201,29785211,29785213,29785219,29785243,29785247,29785267,29785279,29785303,
(1845290) | 29785361,29785367,29785381,29785397,29785429,29785477,29785493,29785519,29785531,29785537,29785543,29785549,29785571,29785573,29785577,29785579,29785603,29785687,29785739,29785741,
(1845310) | 29785753,29785781,29785793,29785817,29785829,29785843,29785859,29785891,29785909,29785927,29785933,29785937,29785949,29785957,29785963,29785981,29786017,29786039,29786041,29786047,
(1845330) | 29786051,29786063,29786069,29786077,29786083,29786089,29786093,29786153,29786177,29786189,29786231,29786233,29786249,29786299,29786303,29786353,29786399,29786413,29786437,29786489,
(1845350) | 29786521,29786543,29786551,29786611,29786651,29786657,29786693,29786711,29786719,29786761,29786773,29786777,29786797,29786833,29786837,29786881,29786891,29786893,29786903,29786929,
(1845370) | 29786947,29786959,29786969,29787011,29787053,29787067,29787073,29787097,29787101,29787119,29787137,29787151,29787161,29787181,29787203,29787209,29787221,29787239,29787253,29787293,
(1845390) | 29787299,29787301,29787319,29787341,29787343,29787391,29787403,29787413,29787449,29787473,29787487,29787493,29787517,29787533,29787551,29787557,29787601,29787631,29787647,29787673,
(1845410) | 29787781,29787799,29787809,29787811,29787833,29787871,29787881,29787887,29787899,29787907,29787913,29787917,29787929,29787937,29787941,29787943,29787973,29787983,29788019,29788037,
(1845430) | 29788039,29788061,29788103,29788123,29788127,29788139,29788147,29788159,29788183,29788193,29788201,29788217,29788237,29788247,29788259,29788273,29788277,29788309,29788327,29788331,
(1845450) | 29788337,29788349,29788361,29788391,29788393,29788397,29788399,29788411,29788417,29788433,29788439,29788477,29788487,29788541,29788559,29788571,29788699,29788711,29788747,29788757,
(1845470) | 29788763,29788793,29788813,29788823,29788853,29788859,29788867,29788873,29788877,29788883,29788897,29788901,29788921,29788963,29788987,29789029,29789051,29789057,29789063,29789077,
(1845490) | 29789113,29789141,29789197,29789203,29789213,29789251,29789267,29789297,29789299,29789327,29789341,29789369,29789381,29789387,29789401,29789407,29789413,29789443,29789449,29789453,
(1845510) | 29789471,29789479,29789483,29789503,29789509,29789519,29789561,29789567,29789581,29789597,29789609,29789611,29789629,29789633,29789659,29789671,29789687,29789693,29789713,29789723,
(1845530) | 29789737,29789759,29789783,29789833,29789839,29789861,29789863,29789909,29789941,29789951,29789953,29789957,29789959,29789971,29789983,29789987,29789993,29789999,29790011,29790071,
(1845550) | 29790073,29790091,29790097,29790107,29790113,29790127,29790133,29790161,29790181,29790193,29790197,29790199,29790203,29790209,29790223,29790227,29790269,29790283,29790301,29790323,
(1845570) | 29790329,29790353,29790361,29790367,29790377,29790389,29790407,29790413,29790419,29790469,29790479,29790493,29790503,29790521,29790533,29790539,29790547,29790557,29790577,29790581,
(1845590) | 29790583,29790599,29790601,29790617,29790623,29790653,29790697,29790707,29790713,29790731,29790751,29790757,29790763,29790767,29790779,29790781,29790797,29790857,29790863,29790869,
(1845610) | 29790877,29790949,29790967,29790983,29791007,29791009,29791019,29791037,29791039,29791043,29791079,29791109,29791121,29791129,29791159,29791163,29791171,29791189,29791211,29791213,
(1845630) | 29791231,29791249,29791271,29791291,29791309,29791313,29791351,29791367,29791369,29791393,29791397,29791423,29791427,29791451,29791457,29791477,29791499,29791501,29791511,29791523,
(1845650) | 29791547,29791571,29791577,29791579,29791583,29791603,29791621,29791679,29791681,29791709,29791711,29791793,29791841,29791859,29791897,29791913,29791921,29791963,29791967,29792017,
(1845670) | 29792027,29792033,29792039,29792047,29792069,29792093,29792099,29792123,29792129,29792137,29792159,29792197,29792221,29792233,29792237,29792261,29792263,29792267,29792311,29792327,
(1845690) | 29792341,29792351,29792353,29792423,29792443,29792447,29792453,29792459,29792467,29792471,29792473,29792491,29792509,29792531,29792537,29792561,29792573,29792579,29792591,29792597,
(1845710) | 29792603,29792617,29792621,29792641,29792663,29792669,29792681,29792683,29792723,29792729,29792747,29792771,29792801,29792809,29792821,29792863,29792869,29792897,29792899,29792911,
(1845730) | 29792923,29792929,29792951,29792963,29792999,29793013,29793031,29793041,29793131,29793151,29793161,29793167,29793173,29793223,29793227,29793287,29793317,29793331,29793341,29793403,
(1845750) | 29793433,29793479,29793481,29793497,29793499,29793509,29793529,29793581,29793601,29793611,29793623,29793637,29793649,29793667,29793679,29793713,29793719,29793727,29793773,29793779,
(1845770) | 29793851,29793857,29793859,29793871,29793913,29793923,29793931,29793937,29793949,29793971,29794019,29794021,29794027,29794031,29794057,29794067,29794097,29794103,29794117,29794153,
(1845790) | 29794159,29794181,29794187,29794207,29794211,29794241,29794243,29794253,29794277,29794283,29794301,29794309,29794343,29794357,29794393,29794403,29794411,29794417,29794447,29794459,
(1845810) | 29794463,29794483,29794519,29794529,29794537,29794561,29794573,29794601,29794621,29794631,29794643,29794703,29794769,29794777,29794801,29794847,29794889,29794903,29794909,29794939,
(1845830) | 29794943,29794949,29794969,29794979,29794981,29794991,29794993,29795009,29795011,29795047,29795053,29795057,29795081,29795111,29795137,29795141,29795149,29795159,29795167,29795179,
(1845850) | 29795201,29795231,29795239,29795279,29795291,29795299,29795317,29795357,29795377,29795399,29795411,29795417,29795429,29795443,29795459,29795489,29795527,29795537,29795551,29795567,
(1845870) | 29795573,29795581,29795599,29795621,29795641,29795651,29795657,29795761,29795783,29795797,29795827,29795837,29795869,29795873,29795881,29795893,29795939,29795957,29796023,29796031,
(1845890) | 29796037,29796061,29796083,29796101,29796103,29796113,29796127,29796139,29796181,29796203,29796209,29796227,29796259,29796271,29796281,29796287,29796317,29796329,29796341,29796353,
(1845910) | 29796367,29796391,29796407,29796409,29796413,29796421,29796439,29796467,29796479,29796497,29796539,29796551,29796583,29796587,29796589,29796643,29796647,29796649,29796677,29796713,
(1845930) | 29796719,29796743,29796761,29796773,29796817,29796821,29796827,29796839,29796881,29796911,29796941,29796961,29796967,29797021,29797051,29797057,29797063,29797069,29797087,29797091,
(1845950) | 29797093,29797109,29797127,29797133,29797147,29797171,29797189,29797193,29797211,29797267,29797303,29797307,29797319,29797331,29797349,29797357,29797367,29797381,29797387,29797403,
(1845970) | 29797421,29797423,29797433,29797441,29797459,29797477,29797499,29797511,29797519,29797531,29797589,29797597,29797601,29797619,29797633,29797639,29797717,29797741,29797759,29797763,
(1845990) | 29797769,29797793,29797799,29797841,29797861,29797907,29797921,29797927,29797973,29798017,29798057,29798123,29798143,29798147,29798159,29798173,29798191,29798201,29798207,29798221,
(1846010) | 29798227,29798233,29798257,29798273,29798287,29798291,29798339,29798359,29798369,29798371,29798383,29798389,29798401,29798407,29798413,29798429,29798449,29798473,29798507,29798557,
(1846030) | 29798581,29798591,29798609,29798633,29798641,29798651,29798663,29798687,29798729,29798749,29798753,29798779,29798789,29798833,29798837,29798849,29798887,29798911,29798947,29798969,
(1846050) | 29798983,29798999,29799001,29799017,29799031,29799041,29799047,29799059,29799067,29799073,29799089,29799101,29799103,29799109,29799131,29799137,29799139,29799149,29799151,29799167,
(1846070) | 29799173,29799199,29799221,29799223,29799227,29799311,29799323,29799337,29799349,29799359,29799361,29799379,29799433,29799437,29799439,29799461,29799479,29799491,29799499,29799529,
(1846090) | 29799547,29799557,29799571,29799593,29799611,29799641,29799667,29799677,29799683,29799701,29799703,29799761,29799797,29799871,29799877,29799883,29799893,29799901,29799941,29799943,
(1846110) | 29799953,29799967,29799971,29799977,29799983,29800003,29800009,29800061,29800073,29800079,29800087,29800091,29800093,29800097,29800109,29800117,29800129,29800171,29800187,29800213,
(1846130) | 29800217,29800259,29800271,29800283,29800291,29800297,29800321,29800339,29800343,29800409,29800411,29800451,29800453,29800471,29800489,29800501,29800523,29800543,29800553,29800559,
(1846150) | 29800583,29800597,29800601,29800619,29800657,29800669,29800691,29800739,29800747,29800751,29800753,29800769,29800783,29800789,29800811,29800817,29800831,29800843,29800861,29800871,
(1846170) | 29800877,29800909,29800919,29800921,29800943,29800957,29800963,29800993,29801003,29801011,29801033,29801039,29801047,29801069,29801071,29801081,29801087,29801089,29801111,29801141,
(1846190) | 29801159,29801179,29801197,29801201,29801203,29801207,29801227,29801237,29801251,29801257,29801267,29801273,29801281,29801293,29801297,29801309,29801311,29801333,29801351,29801371,
(1846210) | 29801381,29801389,29801393,29801413,29801419,29801437,29801449,29801567,29801573,29801579,29801609,29801621,29801657,29801659,29801677,29801683,29801689,29801699,29801701,29801719,
(1846230) | 29801729,29801743,29801749,29801771,29801791,29801797,29801803,29801809,29801839,29801843,29801857,29801869,29801887,29801927,29801929,29801971,29802011,29802029,29802049,29802061,
(1846250) | 29802077,29802079,29802083,29802103,29802137,29802151,29802161,29802167,29802209,29802233,29802239,29802259,29802287,29802293,29802299,29802307,29802347,29802349,29802359,29802361,
(1846270) | 29802391,29802403,29802413,29802419,29802433,29802467,29802497,29802511,29802523,29802527,29802529,29802541,29802551,29802593,29802601,29802673,29802679,29802713,29802743,29802767,
(1846290) | 29802769,29802781,29802793,29802803,29802821,29802823,29802863,29802869,29802881,29802919,29802937,29802943,29802961,29802973,29802991,29803003,29803027,29803049,29803069,29803079,
(1846310) | 29803087,29803099,29803127,29803133,29803157,29803177,29803211,29803223,29803231,29803237,29803243,29803247,29803259,29803283,29803289,29803309,29803313,29803327,29803337,29803339,
(1846330) | 29803373,29803393,29803451,29803453,29803481,29803513,29803517,29803549,29803559,29803583,29803589,29803591,29803621,29803643,29803661,29803681,29803691,29803717,29803721,29803733,
(1846350) | 29803769,29803789,29803801,29803817,29803841,29803849,29803877,29803901,29803919,29803937,29803957,29803973,29803993,29803997,29803999,29804029,29804039,29804041,29804057,29804059,
(1846370) | 29804069,29804107,29804119,29804147,29804189,29804207,29804209,29804219,29804279,29804287,29804303,29804311,29804329,29804339,29804353,29804363,29804371,29804377,29804413,29804441,
(1846390) | 29804449,29804473,29804491,29804501,29804507,29804543,29804549,29804557,29804563,29804569,29804611,29804639,29804651,29804681,29804683,29804693,29804717,29804737,29804777,29804809,
(1846410) | 29804813,29804821,29804843,29804867,29804881,29804933,29804947,29804963,29804969,29805023,29805047,29805059,29805067,29805071,29805077,29805103,29805109,29805119,29805157,29805163,
(1846430) | 29805169,29805197,29805211,29805221,29805241,29805283,29805289,29805329,29805331,29805343,29805367,29805371,29805421,29805439,29805449,29805467,29805487,29805551,29805563,29805571,
(1846450) | 29805577,29805613,29805619,29805653,29805667,29805701,29805703,29805767,29805773,29805803,29805829,29805847,29805863,29805883,29805887,29805901,29805917,29805931,29805961,29805977,
(1846470) | 29806001,29806019,29806039,29806061,29806067,29806069,29806093,29806103,29806121,29806129,29806141,29806169,29806199,29806207,29806289,29806291,29806313,29806331,29806333,29806339,
(1846490) | 29806351,29806373,29806391,29806393,29806397,29806417,29806429,29806433,29806481,29806487,29806489,29806499,29806523,29806619,29806657,29806663,29806681,29806709,29806739,29806747,
(1846510) | 29806807,29806811,29806837,29806871,29806913,29806939,29806943,29806951,29806957,29806961,29806963,29806969,29806993,29806999,29807017,29807023,29807047,29807053,29807059,29807077,
(1846530) | 29807087,29807093,29807119,29807159,29807177,29807179,29807189,29807191,29807207,29807231,29807279,29807357,29807377,29807383,29807387,29807413,29807417,29807419,29807441,29807473,
(1846550) | 29807483,29807489,29807513,29807521,29807527,29807537,29807539,29807573,29807593,29807611,29807639,29807641,29807669,29807689,29807699,29807719,29807753,29807761,29807777,29807801,
(1846570) | 29807819,29807821,29807837,29807849,29807857,29807881,29807909,29807927,29807933,29807959,29807963,29807983,29807993,29808013,29808059,29808061,29808067,29808071,29808109,29808113,
(1846590) | 29808127,29808137,29808139,29808151,29808209,29808211,29808217,29808221,29808223,29808239,29808257,29808263,29808277,29808281,29808301,29808307,29808343,29808349,29808407,29808413,
(1846610) | 29808431,29808451,29808469,29808479,29808521,29808533,29808553,29808563,29808593,29808613,29808617,29808619,29808641,29808677,29808679,29808707,29808743,29808767,29808787,29808799,
(1846630) | 29808827,29808881,29808899,29808901,29808907,29808913,29808937,29808953,29808971,29809001,29809033,29809051,29809057,29809063,29809069,29809093,29809097,29809099,29809103,29809123,
(1846650) | 29809133,29809141,29809193,29809207,29809229,29809261,29809291,29809349,29809369,29809397,29809399,29809411,29809427,29809453,29809469,29809471,29809489,29809511,29809519,29809543,
(1846670) | 29809547,29809553,29809579,29809627,29809657,29809673,29809697,29809723,29809733,29809763,29809777,29809799,29809811,29809831,29809837,29809849,29809861,29809921,29809931,29809933,
(1846690) | 29809937,29809963,29809979,29809981,29809987,29809991,29810017,29810023,29810041,29810059,29810063,29810089,29810111,29810117,29810141,29810153,29810159,29810161,29810167,29810171,
(1846710) | 29810177,29810203,29810219,29810233,29810257,29810293,29810303,29810317,29810351,29810359,29810381,29810383,29810387,29810393,29810441,29810467,29810471,29810483,29810489,29810527,
(1846730) | 29810531,29810551,29810597,29810611,29810617,29810629,29810657,29810659,29810663,29810687,29810701,29810717,29810749,29810777,29810801,29810819,29810821,29810827,29810897,29810903,
(1846750) | 29810909,29810929,29810939,29810941,29810947,29810951,29810959,29810969,29810993,29810999,29811037,29811053,29811073,29811077,29811097,29811109,29811137,29811139,29811157,29811161,
(1846770) | 29811167,29811211,29811227,29811241,29811253,29811259,29811263,29811283,29811349,29811373,29811401,29811433,29811443,29811511,29811517,29811541,29811563,29811569,29811581,29811619,
(1846790) | 29811629,29811637,29811641,29811653,29811673,29811701,29811709,29811731,29811767,29811781,29811787,29811791,29811799,29811809,29811869,29811919,29811923,29811937,29811989,29811997,
(1846810) | 29812001,29812009,29812021,29812039,29812061,29812073,29812091,29812099,29812109,29812127,29812157,29812171,29812193,29812199,29812213,29812229,29812231,29812243,29812247,29812249,
(1846830) | 29812283,29812313,29812327,29812333,29812351,29812369,29812399,29812411,29812477,29812487,29812547,29812561,29812567,29812579,29812589,29812603,29812619,29812633,29812637,29812663,
(1846850) | 29812681,29812693,29812697,29812723,29812751,29812753,29812777,29812801,29812817,29812819,29812831,29812837,29812847,29812879,29812901,29812921,29812927,29812933,29812949,29812961,
(1846870) | 29812969,29812997,29813011,29813051,29813081,29813117,29813153,29813159,29813177,29813197,29813207,29813209,29813219,29813239,29813243,29813249,29813293,29813297,29813339,29813423,
(1846890) | 29813429,29813431,29813449,29813471,29813473,29813521,29813549,29813561,29813569,29813579,29813587,29813617,29813621,29813627,29813639,29813647,29813669,29813671,29813677,29813701,
(1846910) | 29813737,29813759,29813779,29813809,29813813,29813851,29813863,29813867,29813881,29813891,29813899,29813923,29813951,29813989,29813999,29814013,29814041,29814067,29814079,29814091,
(1846930) | 29814101,29814131,29814133,29814137,29814151,29814227,29814251,29814269,29814271,29814283,29814289,29814329,29814331,29814359,29814383,29814427,29814451,29814479,29814517,29814557,
(1846950) | 29814559,29814569,29814611,29814613,29814619,29814623,29814643,29814649,29814691,29814703,29814709,29814737,29814761,29814767,29814797,29814803,29814809,29814823,29814847,29814881,
(1846970) | 29814887,29814949,29814977,29814989,29815003,29815013,29815021,29815033,29815043,29815057,29815063,29815069,29815073,29815091,29815111,29815129,29815133,29815139,29815141,29815147,
(1846990) | 29815151,29815157,29815169,29815183,29815187,29815213,29815217,29815231,29815271,29815319,29815333,29815349,29815417,29815421,29815453,29815483,29815507,29815523,29815529,29815547,
(1847010) | 29815549,29815589,29815607,29815631,29815661,29815697,29815703,29815711,29815717,29815729,29815759,29815783,29815789,29815817,29815823,29815829,29815861,29815873,29815913,29815931,
(1847030) | 29815937,29815963,29815987,29815999,29816021,29816023,29816041,29816077,29816093,29816099,29816107,29816153,29816159,29816161,29816177,29816197,29816201,29816207,29816219,29816221,
(1847050) | 29816231,29816239,29816323,29816333,29816357,29816383,29816387,29816393,29816399,29816401,29816411,29816429,29816443,29816477,29816489,29816531,29816537,29816551,29816569,29816593,
(1847070) | 29816603,29816627,29816639,29816641,29816729,29816789,29816791,29816807,29816821,29816849,29816863,29816867,29816873,29816879,29816893,29816903,29816911,29816921,29816939,29816951,
(1847090) | 29816977,29816981,29816987,29816989,29816999,29817037,29817113,29817143,29817233,29817241,29817287,29817299,29817331,29817343,29817353,29817379,29817383,29817409,29817419,29817421,
(1847110) | 29817451,29817457,29817461,29817493,29817503,29817511,29817521,29817527,29817547,29817559,29817569,29817577,29817589,29817607,29817647,29817659,29817673,29817719,29817721,29817727,
(1847130) | 29817737,29817763,29817769,29817793,29817811,29817817,29817869,29817871,29817883,29817889,29817901,29817917,29817919,29817923,29817929,29817979,29818013,29818021,29818031,29818043,
(1847150) | 29818093,29818099,29818109,29818123,29818147,29818183,29818231,29818241,29818247,29818253,29818259,29818267,29818291,29818303,29818333,29818339,29818361,29818363,29818379,29818387,
(1847170) | 29818421,29818427,29818441,29818463,29818469,29818487,29818499,29818501,29818507,29818517,29818519,29818531,29818567,29818573,29818597,29818601,29818631,29818637,29818669,29818687,
(1847190) | 29818703,29818709,29818717,29818721,29818753,29818759,29818801,29818837,29818843,29818871,29818883,29818889,29818897,29818907,29818927,29818949,29818951,29818979,29818981,29819029,
(1847210) | 29819033,29819039,29819059,29819089,29819093,29819099,29819123,29819129,29819143,29819147,29819159,29819191,29819213,29819233,29819243,29819263,29819269,29819311,29819347,29819357,
(1847230) | 29819369,29819371,29819393,29819407,29819429,29819441,29819467,29819483,29819507,29819527,29819561,29819567,29819579,29819591,29819593,29819599,29819609,29819641,29819651,29819663,
(1847250) | 29819677,29819701,29819711,29819747,29819749,29819771,29819807,29819813,29819821,29819827,29819849,29819857,29819863,29819869,29819879,29819897,29819963,29819969,29820013,29820059,
(1847270) | 29820061,29820097,29820103,29820107,29820127,29820143,29820163,29820169,29820173,29820179,29820211,29820223,29820239,29820247,29820289,29820299,29820317,29820331,29820337,29820353,
(1847290) | 29820377,29820383,29820403,29820437,29820451,29820467,29820473,29820487,29820509,29820517,29820523,29820541,29820589,29820619,29820641,29820647,29820677,29820691,29820697,29820727,
(1847310) | 29820731,29820733,29820761,29820767,29820773,29820797,29820803,29820827,29820851,29820859,29820883,29820893,29820911,29820919,29820929,29820943,29820953,29820979,29820991,29821027,
(1847330) | 29821031,29821037,29821049,29821061,29821069,29821073,29821079,29821081,29821109,29821147,29821151,29821177,29821189,29821261,29821273,29821277,29821289,29821291,29821301,29821327,
(1847350) | 29821331,29821333,29821343,29821369,29821387,29821397,29821399,29821427,29821433,29821439,29821481,29821511,29821513,29821523,29821531,29821549,29821573,29821601,29821607,29821613,
(1847370) | 29821681,29821699,29821711,29821739,29821751,29821769,29821843,29821861,29821871,29821873,29821877,29821879,29821949,29821973,29821997,29822003,29822041,29822069,29822071,29822083,
(1847390) | 29822087,29822113,29822123,29822159,29822161,29822173,29822189,29822207,29822213,29822227,29822231,29822239,29822251,29822321,29822357,29822363,29822383,29822423,29822431,29822453,
(1847410) | 29822461,29822477,29822479,29822491,29822497,29822501,29822503,29822531,29822567,29822591,29822593,29822599,29822603,29822657,29822669,29822677,29822687,29822699,29822707,29822711,
(1847430) | 29822753,29822791,29822803,29822831,29822843,29822857,29822861,29822887,29822893,29822917,29822959,29822963,29822971,29823041,29823071,29823077,29823089,29823091,29823127,29823139,
(1847450) | 29823149,29823161,29823169,29823173,29823187,29823193,29823229,29823257,29823263,29823289,29823307,29823317,29823319,29823349,29823371,29823377,29823383,29823403,29823413,29823421,
(1847470) | 29823461,29823481,29823587,29823589,29823623,29823631,29823637,29823641,29823671,29823679,29823697,29823713,29823719,29823841,29823869,29823883,29823917,29823923,29823943,29823949,
(1847490) | 29823971,29824007,29824013,29824037,29824043,29824049,29824057,29824063,29824073,29824099,29824121,29824133,29824153,29824187,29824211,29824229,29824231,29824237,29824247,29824259,
(1847510) | 29824279,29824283,29824309,29824321,29824339,29824373,29824381,29824397,29824423,29824427,29824439,29824481,29824513,29824517,29824519,29824541,29824549,29824567,29824603,29824621,
(1847530) | 29824631,29824679,29824693,29824703,29824709,29824723,29824733,29824747,29824771,29824777,29824787,29824799,29824811,29824829,29824853,29824877,29824891,29824897,29824943,29824957,
(1847550) | 29824961,29824967,29824969,29824973,29824979,29825009,29825011,29825023,29825053,29825063,29825077,29825083,29825093,29825113,29825129,29825143,29825153,29825179,29825197,29825207,
(1847570) | 29825233,29825239,29825249,29825261,29825291,29825297,29825309,29825321,29825329,29825347,29825351,29825363,29825371,29825377,29825387,29825407,29825431,29825443,29825449,29825461,
(1847590) | 29825489,29825513,29825533,29825539,29825563,29825567,29825623,29825639,29825651,29825669,29825693,29825711,29825713,29825743,29825773,29825821,29825867,29825879,29825881,29825911,
(1847610) | 29825923,29825933,29825941,29825969,29825981,29825993,29826001,29826023,29826031,29826037,29826089,29826091,29826113,29826119,29826157,29826179,29826187,29826191,29826197,29826221,
(1847630) | 29826241,29826253,29826263,29826281,29826287,29826301,29826317,29826383,29826421,29826427,29826437,29826479,29826487,29826491,29826497,29826509,29826527,29826539,29826553,29826583,
(1847650) | 29826593,29826611,29826617,29826647,29826661,29826677,29826679,29826691,29826697,29826707,29826733,29826737,29826763,29826829,29826871,29826893,29826899,29826913,29826917,29826931,
(1847670) | 29826943,29826947,29826983,29827001,29827009,29827013,29827033,29827043,29827097,29827099,29827111,29827117,29827123,29827139,29827151,29827153,29827157,29827183,29827201,29827211,
(1847690) | 29827223,29827241,29827243,29827253,29827271,29827277,29827309,29827339,29827349,29827361,29827379,29827381,29827411,29827433,29827451,29827463,29827471,29827489,29827493,29827507,
(1847710) | 29827531,29827543,29827547,29827561,29827591,29827613,29827621,29827643,29827649,29827669,29827687,29827697,29827709,29827717,29827723,29827729,29827799,29827823,29827829,29827867,
(1847730) | 29827879,29827901,29827913,29827927,29827949,29827991,29827999,29828009,29828039,29828041,29828053,29828059,29828089,29828093,29828101,29828129,29828137,29828143,29828167,29828173,
(1847750) | 29828189,29828203,29828209,29828213,29828243,29828287,29828297,29828299,29828341,29828377,29828399,29828411,29828419,29828441,29828507,29828543,29828551,29828593,29828609,29828611,
(1847770) | 29828621,29828653,29828663,29828717,29828719,29828731,29828737,29828753,29828783,29828797,29828801,29828809,29828819,29828857,29828867,29828891,29828921,29828933,29828941,29828957,
(1847790) | 29828959,29828963,29828977,29828987,29828989,29829001,29829011,29829013,29829047,29829053,29829071,29829073,29829083,29829103,29829127,29829131,29829157,29829167,29829227,29829253,
(1847810) | 29829269,29829277,29829323,29829377,29829403,29829431,29829439,29829461,29829463,29829469,29829473,29829493,29829497,29829517,29829523,29829557,29829571,29829581,29829587,29829607,
(1847830) | 29829623,29829629,29829641,29829647,29829649,29829691,29829697,29829739,29829743,29829763,29829799,29829809,29829823,29829841,29829857,29829859,29829889,29829911,29829959,29829983,
(1847850) | 29829991,29829997,29830027,29830033,29830039,29830049,29830061,29830081,29830109,29830111,29830123,29830147,29830169,29830237,29830259,29830267,29830271,29830301,29830309,29830319,
(1847870) | 29830327,29830337,29830369,29830417,29830421,29830441,29830447,29830457,29830469,29830481,29830523,29830561,29830583,29830601,29830607,29830613,29830639,29830663,29830667,29830673,
(1847890) | 29830687,29830693,29830727,29830771,29830783,29830789,29830807,29830811,29830837,29830841,29830847,29830859,29830907,29830919,29830921,29830943,29830951,29830967,29830973,29830987,
(1847910) | 29831003,29831017,29831029,29831047,29831059,29831063,29831071,29831117,29831173,29831203,29831239,29831251,29831267,29831297,29831341,29831353,29831357,29831369,29831381,29831383,
(1847930) | 29831407,29831423,29831429,29831441,29831449,29831471,29831479,29831489,29831491,29831507,29831519,29831531,29831533,29831537,29831587,29831609,29831693,29831701,29831761,29831773,
(1847950) | 29831779,29831797,29831801,29831819,29831849,29831861,29831863,29831873,29831899,29831903,29831911,29831917,29831929,29831941,29831959,29831983,29831987,29832001,29832017,29832031,
(1847970) | 29832079,29832083,29832091,29832119,29832139,29832149,29832151,29832157,29832181,29832197,29832221,29832241,29832247,29832259,29832281,29832307,29832317,29832373,29832377,29832391,
(1847990) | 29832409,29832419,29832421,29832437,29832463,29832521,29832529,29832547,29832577,29832581,29832629,29832643,29832653,29832661,29832683,29832727,29832743,29832763,29832779,29832787,
(1848010) | 29832797,29832811,29832821,29832823,29832839,29832853,29832877,29832893,29832899,29832931,29832947,29832961,29832997,29833051,29833057,29833061,29833073,29833081,29833091,29833121,
(1848030) | 29833127,29833151,29833159,29833169,29833171,29833201,29833207,29833213,29833261,29833273,29833289,29833301,29833319,29833327,29833337,29833379,29833387,29833399,29833403,29833411,
(1848050) | 29833429,29833457,29833459,29833471,29833499,29833513,29833537,29833543,29833549,29833571,29833597,29833607,29833613,29833619,29833621,29833637,29833649,29833669,29833711,29833717,
(1848070) | 29833723,29833757,29833777,29833799,29833807,29833813,29833831,29833841,29833849,29833871,29833879,29833883,29833889,29833897,29833901,29833907,29833913,29833939,29833981,29834003,
(1848090) | 29834027,29834029,29834033,29834039,29834081,29834089,29834093,29834137,29834141,29834149,29834209,29834213,29834219,29834227,29834263,29834309,29834317,29834327,29834341,29834401,
(1848110) | 29834407,29834437,29834477,29834479,29834509,29834513,29834549,29834569,29834603,29834621,29834639,29834653,29834659,29834681,29834687,29834689,29834699,29834719,29834723,29834729,
(1848130) | 29834743,29834747,29834759,29834771,29834797,29834929,29834953,29834971,29834993,29835011,29835019,29835023,29835037,29835041,29835049,29835067,29835079,29835101,29835103,29835107,
(1848150) | 29835137,29835139,29835193,29835199,29835217,29835227,29835241,29835269,29835293,29835329,29835341,29835349,29835359,29835367,29835389,29835397,29835401,29835409,29835419,29835433,
(1848170) | 29835437,29835451,29835467,29835469,29835479,29835499,29835511,29835521,29835523,29835539,29835563,29835583,29835613,29835667,29835713,29835721,29835763,29835781,29835791,29835797,
(1848190) | 29835803,29835811,29835821,29835829,29835863,29835877,29835931,29835941,29835943,29835959,29835989,29836021,29836031,29836039,29836057,29836073,29836087,29836111,29836153,29836189,
(1848210) | 29836193,29836217,29836231,29836253,29836277,29836283,29836321,29836333,29836337,29836351,29836361,29836369,29836379,29836421,29836423,29836427,29836439,29836459,29836481,29836519,
(1848230) | 29836529,29836531,29836537,29836553,29836559,29836567,29836577,29836607,29836613,29836637,29836657,29836699,29836739,29836753,29836759,29836771,29836801,29836811,29836813,29836817,
(1848250) | 29836823,29836841,29836867,29836871,29836901,29836903,29836907,29836931,29836943,29836951,29836967,29836981,29836993,29836997,29837009,29837021,29837033,29837077,29837083,29837131,
(1848270) | 29837153,29837179,29837183,29837231,29837237,29837243,29837257,29837267,29837287,29837293,29837341,29837359,29837387,29837393,29837419,29837441,29837459,29837461,29837471,29837473,
(1848290) | 29837497,29837519,29837557,29837573,29837611,29837617,29837629,29837653,29837663,29837681,29837683,29837711,29837719,29837729,29837767,29837783,29837803,29837833,29837849,29837851,
(1848310) | 29837867,29837881,29837891,29837911,29837921,29837939,29837953,29837971,29838023,29838041,29838059,29838079,29838101,29838103,29838121,29838131,29838161,29838167,29838181,29838203,
(1848330) | 29838217,29838223,29838233,29838253,29838257,29838271,29838301,29838307,29838313,29838323,29838331,29838343,29838353,29838371,29838377,29838397,29838409,29838439,29838443,29838449,
(1848350) | 29838491,29838499,29838509,29838511,29838527,29838533,29838541,29838559,29838563,29838619,29838631,29838637,29838643,29838649,29838661,29838701,29838707,29838727,29838773,29838799,
(1848370) | 29838803,29838817,29838839,29838847,29838863,29838869,29838871,29838899,29838953,29838967,29838973,29838989,29839009,29839013,29839037,29839039,29839067,29839093,29839111,29839129,
(1848390) | 29839141,29839163,29839171,29839181,29839223,29839259,29839273,29839283,29839307,29839331,29839333,29839351,29839361,29839373,29839379,29839399,29839417,29839421,29839429,29839457,
(1848410) | 29839489,29839493,29839529,29839561,29839591,29839597,29839603,29839609,29839651,29839657,29839679,29839681,29839687,29839729,29839741,29839751,29839757,29839829,29839903,29839933,
(1848430) | 29839939,29839961,29839963,29839967,29839969,29839973,29839987,29840021,29840029,29840071,29840099,29840123,29840143,29840171,29840189,29840257,29840281,29840311,29840329,29840341,
(1848450) | 29840387,29840411,29840413,29840417,29840443,29840467,29840471,29840479,29840483,29840501,29840513,29840539,29840549,29840557,29840567,29840609,29840617,29840633,29840663,29840717,
(1848470) | 29840719,29840731,29840737,29840747,29840777,29840779,29840791,29840827,29840857,29840893,29840897,29840939,29840957,29841047,29841059,29841083,29841089,29841121,29841131,29841151,
(1848490) | 29841167,29841181,29841199,29841209,29841241,29841271,29841283,29841293,29841311,29841347,29841353,29841367,29841389,29841391,29841401,29841421,29841431,29841439,29841463,29841473,
(1848510) | 29841503,29841509,29841517,29841523,29841529,29841541,29841547,29841577,29841587,29841589,29841593,29841601,29841619,29841629,29841631,29841659,29841661,29841671,29841673,29841683,
(1848530) | 29841701,29841719,29841769,29841781,29841793,29841803,29841827,29841829,29841839,29841859,29841893,29841901,29841907,29841923,29841937,29841949,29841991,29842003,29842037,29842051,
(1848550) | 29842061,29842097,29842117,29842121,29842139,29842159,29842199,29842207,29842229,29842231,29842277,29842279,29842289,29842291,29842297,29842303,29842349,29842381,29842411,29842427,
(1848570) | 29842441,29842447,29842451,29842453,29842457,29842459,29842469,29842471,29842517,29842541,29842543,29842577,29842601,29842607,29842639,29842669,29842691,29842693,29842721,29842723,
(1848590) | 29842727,29842741,29842759,29842777,29842819,29842823,29842853,29842859,29842861,29842867,29842877,29842909,29842921,29842927,29842949,29842951,29842963,29842991,29842993,29842997,
(1848610) | 29842999,29843003,29843087,29843089,29843101,29843113,29843123,29843131,29843153,29843159,29843221,29843227,29843237,29843239,29843257,29843287,29843309,29843327,29843329,29843353,
(1848630) | 29843369,29843371,29843377,29843383,29843393,29843441,29843447,29843467,29843479,29843491,29843519,29843537,29843549,29843617,29843633,29843647,29843651,29843663,29843707,29843713,
(1848650) | 29843767,29843771,29843797,29843809,29843837,29843839,29843843,29843881,29843887,29843897,29843899,29843921,29843923,29843939,29843951,29843963,29843971,29843981,29843999,29844007,
(1848670) | 29844019,29844043,29844049,29844071,29844127,29844131,29844181,29844209,29844223,29844233,29844239,29844251,29844259,29844263,29844293,29844329,29844337,29844343,29844349,29844359,
(1848690) | 29844361,29844377,29844379,29844427,29844431,29844439,29844481,29844487,29844511,29844523,29844539,29844553,29844557,29844587,29844589,29844613,29844629,29844631,29844641,29844643,
(1848710) | 29844667,29844701,29844721,29844733,29844739,29844751,29844781,29844797,29844803,29844817,29844827,29844833,29844853,29844887,29844917,29844923,29844929,29844931,29844937,29844943,
(1848730) | 29845003,29845009,29845019,29845021,29845027,29845061,29845069,29845073,29845093,29845103,29845117,29845121,29845133,29845159,29845163,29845169,29845213,29845241,29845243,29845289,
(1848750) | 29845297,29845357,29845363,29845367,29845427,29845471,29845477,29845481,29845493,29845507,29845511,29845537,29845547,29845579,29845597,29845609,29845649,29845661,29845679,29845687,
(1848770) | 29845691,29845703,29845709,29845723,29845771,29845793,29845801,29845807,29845811,29845841,29845847,29845877,29845891,29845967,29845969,29846023,29846039,29846071,29846083,29846129,
(1848790) | 29846137,29846147,29846189,29846197,29846227,29846251,29846287,29846291,29846317,29846347,29846353,29846381,29846393,29846431,29846447,29846449,29846461,29846471,29846491,29846513,
(1848810) | 29846533,29846567,29846569,29846573,29846591,29846603,29846623,29846633,29846653,29846657,29846659,29846669,29846681,29846689,29846693,29846699,29846723,29846737,29846759,29846779,
(1848830) | 29846809,29846819,29846821,29846837,29846851,29846863,29846867,29846881,29846903,29846933,29846953,29846963,29846983,29846987,29847001,29847023,29847047,29847071,29847101,29847133,
(1848850) | 29847137,29847149,29847179,29847199,29847211,29847241,29847247,29847253,29847281,29847287,29847299,29847313,29847317,29847319,29847383,29847401,29847407,29847439,29847449,29847457,
(1848870) | 29847487,29847497,29847509,29847551,29847557,29847577,29847589,29847599,29847659,29847661,29847691,29847703,29847709,29847731,29847737,29847739,29847749,29847751,29847781,29847787,
(1848890) | 29847793,29847799,29847809,29847827,29847871,29847893,29847901,29847907,29847911,29847913,29847919,29847943,29847949,29847953,29847991,29848001,29848037,29848067,29848079,29848081,
(1848910) | 29848097,29848099,29848103,29848111,29848121,29848129,29848139,29848151,29848153,29848157,29848171,29848177,29848199,29848207,29848213,29848229,29848249,29848289,29848309,29848361,
(1848930) | 29848387,29848391,29848393,29848409,29848417,29848421,29848499,29848501,29848517,29848531,29848537,29848561,29848589,29848591,29848597,29848633,29848661,29848667,29848673,29848681,
(1848950) | 29848711,29848729,29848739,29848747,29848759,29848781,29848817,29848823,29848831,29848879,29848919,29848933,29848961,29848967,29848993,29849003,29849011,29849051,29849077,29849081,
(1848970) | 29849111,29849119,29849129,29849153,29849167,29849173,29849201,29849213,29849233,29849279,29849291,29849293,29849299,29849317,29849329,29849341,29849357,29849383,29849389,29849411,
(1848990) | 29849419,29849429,29849453,29849459,29849471,29849473,29849483,29849507,29849531,29849563,29849581,29849623,29849629,29849657,29849663,29849669,29849689,29849707,29849717,29849719,
(1849010) | 29849723,29849737,29849753,29849777,29849789,29849821,29849839,29849849,29849857,29849873,29849881,29849887,29849899,29849933,29849947,29849951,29849957,29849987,29849999,29850013,
(1849030) | 29850043,29850049,29850059,29850061,29850097,29850109,29850131,29850137,29850143,29850151,29850169,29850209,29850221,29850239,29850259,29850263,29850269,29850287,29850313,29850341,
(1849050) | 29850347,29850377,29850397,29850407,29850409,29850421,29850433,29850437,29850473,29850479,29850493,29850517,29850523,29850529,29850553,29850559,29850563,29850617,29850641,29850659,
(1849070) | 29850671,29850697,29850707,29850719,29850787,29850791,29850797,29850811,29850833,29850857,29850859,29850869,29850893,29850907,29850913,29850917,29850937,29850959,29851001,29851007,
(1849090) | 29851009,29851013,29851037,29851043,29851049,29851051,29851061,29851091,29851093,29851127,29851141,29851153,29851163,29851183,29851189,29851207,29851219,29851231,29851249,29851253,
(1849110) | 29851273,29851277,29851279,29851313,29851333,29851351,29851361,29851373,29851399,29851427,29851429,29851441,29851483,29851487,29851513,29851517,29851519,29851529,29851537,29851559,
(1849130) | 29851597,29851663,29851687,29851691,29851693,29851709,29851733,29851739,29851741,29851763,29851771,29851781,29851799,29851849,29851873,29851903,29851919,29851931,29851937,29851961,
(1849150) | 29851981,29851993,29852023,29852071,29852077,29852083,29852093,29852111,29852129,29852131,29852159,29852167,29852177,29852201,29852209,29852233,29852237,29852243,29852269,29852279,
(1849170) | 29852293,29852327,29852359,29852369,29852371,29852393,29852423,29852443,29852467,29852479,29852489,29852497,29852503,29852509,29852519,29852533,29852539,29852569,29852573,29852609,
(1849190) | 29852617,29852639,29852653,29852681,29852699,29852701,29852723,29852737,29852749,29852777,29852791,29852807,29852831,29852843,29852869,29852887,29852897,29852899,29852903,29852923,
(1849210) | 29852929,29852941,29852947,29852951,29852957,29852959,29852983,29852993,29853013,29853023,29853041,29853067,29853091,29853097,29853101,29853113,29853133,29853203,29853253,29853301,
(1849230) | 29853311,29853323,29853337,29853353,29853361,29853367,29853401,29853407,29853409,29853419,29853431,29853437,29853449,29853457,29853521,29853539,29853559,29853611,29853641,29853647,
(1849250) | 29853661,29853667,29853671,29853697,29853727,29853737,29853743,29853773,29853779,29853833,29853841,29853851,29853869,29853871,29853881,29853907,29853917,29853937,29853947,29853973,
(1849270) | 29853979,29853991,29854001,29854031,29854037,29854067,29854093,29854103,29854117,29854129,29854141,29854163,29854183,29854199,29854217,29854243,29854247,29854277,29854289,29854291,
(1849290) | 29854309,29854313,29854327,29854351,29854379,29854387,29854393,29854399,29854403,29854411,29854441,29854469,29854477,29854481,29854511,29854537,29854549,29854553,29854589,29854603,
(1849310) | 29854609,29854619,29854639,29854651,29854661,29854673,29854679,29854687,29854697,29854709,29854711,29854723,29854739,29854751,29854763,29854789,29854793,29854801,29854817,29854831,
(1849330) | 29854841,29854849,29854921,29854927,29854931,29854973,29854987,29854997,29855027,29855051,29855053,29855057,29855069,29855101,29855117,29855131,29855141,29855143,29855159,29855171,
(1849350) | 29855227,29855249,29855261,29855269,29855299,29855303,29855341,29855347,29855351,29855381,29855437,29855447,29855453,29855473,29855489,29855491,29855509,29855531,29855537,29855543,
(1849370) | 29855549,29855561,29855563,29855599,29855611,29855627,29855647,29855663,29855677,29855731,29855737,29855741,29855747,29855767,29855827,29855879,29855887,29855899,29855911,29855923,
(1849390) | 29855933,29855953,29855977,29855981,29855983,29855989,29856017,29856019,29856053,29856067,29856083,29856089,29856091,29856121,29856161,29856181,29856223,29856247,29856251,29856259,
(1849410) | 29856269,29856271,29856287,29856329,29856347,29856349,29856361,29856367,29856371,29856383,29856397,29856401,29856433,29856439,29856443,29856469,29856479,29856523,29856559,29856583,
(1849430) | 29856587,29856613,29856623,29856643,29856653,29856679,29856719,29856721,29856727,29856763,29856787,29856823,29856833,29856839,29856851,29856857,29856881,29856941,29856943,29856971,
(1849450) | 29857001,29857031,29857043,29857057,29857081,29857111,29857129,29857141,29857183,29857207,29857213,29857229,29857231,29857237,29857271,29857273,29857283,29857297,29857337,29857343,
(1849470) | 29857357,29857367,29857393,29857403,29857447,29857459,29857463,29857543,29857561,29857567,29857571,29857589,29857591,29857613,29857621,29857649,29857669,29857691,29857727,29857753,
(1849490) | 29857769,29857777,29857787,29857819,29857823,29857829,29857847,29857871,29857889,29857901,29857903,29857909,29857931,29857937,29857943,29857951,29857969,29858021,29858033,29858041,
(1849510) | 29858057,29858083,29858099,29858111,29858123,29858131,29858141,29858183,29858221,29858233,29858263,29858267,29858293,29858299,29858317,29858321,29858333,29858357,29858369,29858401,
(1849530) | 29858447,29858459,29858461,29858467,29858471,29858497,29858501,29858539,29858551,29858573,29858597,29858599,29858627,29858639,29858651,29858659,29858683,29858687,29858693,29858713,
(1849550) | 29858723,29858743,29858789,29858819,29858833,29858863,29858867,29858879,29858887,29858909,29858911,29858923,29858957,29858977,29858993,29858999,29859017,29859041,29859043,29859059,
(1849570) | 29859061,29859079,29859091,29859101,29859103,29859113,29859119,29859131,29859139,29859143,29859149,29859161,29859187,29859199,29859209,29859227,29859239,29859253,29859257,29859283,
(1849590) | 29859301,29859307,29859311,29859331,29859343,29859367,29859371,29859373,29859377,29859383,29859397,29859419,29859437,29859443,29859457,29859461,29859491,29859493,29859503,29859509,
(1849610) | 29859517,29859553,29859559,29859581,29859601,29859611,29859619,29859623,29859631,29859653,29859671,29859677,29859679,29859691,29859707,29859719,29859721,29859743,29859761,29859779,
(1849630) | 29859793,29859799,29859827,29859833,29859839,29859877,29859883,29859889,29859919,29859953,29859967,29859971,29859979,29859983,29859989,29860021,29860031,29860057,29860063,29860081,
(1849650) | 29860097,29860157,29860247,29860249,29860283,29860289,29860291,29860297,29860307,29860309,29860321,29860333,29860351,29860357,29860373,29860379,29860387,29860403,29860429,29860433,
(1849670) | 29860477,29860487,29860507,29860529,29860531,29860553,29860613,29860637,29860639,29860673,29860679,29860697,29860709,29860711,29860729,29860759,29860763,29860777,29860801,29860819,
(1849690) | 29860829,29860861,29860871,29860907,29860927,29860939,29861003,29861017,29861023,29861033,29861077,29861089,29861093,29861113,29861137,29861171,29861173,29861177,29861189,29861203,
(1849710) | 29861281,29861303,29861341,29861347,29861389,29861399,29861411,29861413,29861441,29861459,29861467,29861473,29861477,29861501,29861527,29861549,29861551,29861593,29861603,29861617,
(1849730) | 29861621,29861633,29861641,29861647,29861723,29861743,29861747,29861801,29861807,29861837,29861857,29861861,29861917,29861929,29861941,29861957,29861969,29861971,29861987,29861999,
(1849750) | 29862011,29862017,29862029,29862031,29862059,29862067,29862113,29862137,29862163,29862169,29862179,29862181,29862191,29862229,29862271,29862299,29862307,29862337,29862347,29862361,
(1849770) | 29862377,29862379,29862383,29862407,29862409,29862419,29862457,29862461,29862463,29862467,29862493,29862559,29862571,29862583,29862593,29862601,29862631,29862643,29862649,29862667,
(1849790) | 29862689,29862709,29862731,29862739,29862751,29862757,29862787,29862799,29862803,29862823,29862841,29862857,29862919,29862923,29862929,29862949,29862961,29862967,29862983,29862991,
(1849810) | 29863007,29863021,29863049,29863051,29863063,29863081,29863091,29863103,29863121,29863159,29863187,29863213,29863219,29863241,29863247,29863259,29863279,29863291,29863313,29863321,
(1849830) | 29863331,29863349,29863357,29863363,29863367,29863391,29863409,29863429,29863451,29863481,29863489,29863507,29863513,29863517,29863541,29863553,29863583,29863597,29863601,29863607,
(1849850) | 29863609,29863651,29863663,29863693,29863697,29863721,29863727,29863739,29863759,29863783,29863787,29863811,29863829,29863859,29863901,29863907,29863909,29863927,29863961,29863969,
(1849870) | 29863987,29863993,29864027,29864033,29864047,29864057,29864083,29864099,29864117,29864167,29864179,29864203,29864209,29864239,29864243,29864249,29864251,29864267,29864293,29864297,
(1849890) | 29864299,29864311,29864321,29864323,29864339,29864353,29864357,29864363,29864381,29864413,29864467,29864491,29864503,29864509,29864521,29864533,29864543,29864551,29864579,29864581,
(1849910) | 29864591,29864617,29864623,29864683,29864689,29864701,29864711,29864717,29864719,29864761,29864773,29864803,29864837,29864899,29864911,29864921,29864927,29864981,29864999,29865029,
(1849930) | 29865037,29865061,29865067,29865071,29865079,29865083,29865127,29865139,29865149,29865161,29865167,29865203,29865211,29865287,29865289,29865299,29865347,29865371,29865373,29865383,
(1849950) | 29865403,29865419,29865439,29865449,29865457,29865467,29865469,29865487,29865499,29865529,29865533,29865551,29865557,29865559,29865581,29865601,29865611,29865629,29865631,29865637,
(1849970) | 29865677,29865691,29865749,29865751,29865757,29865761,29865769,29865809,29865811,29865827,29865851,29865877,29865893,29865907,29865949,29865959,29865961,29866033,29866049,29866069,
(1849990) | 29866073,29866087,29866091,29866099,29866169,29866181,29866183,29866211,29866217,29866219,29866223,29866231,29866247,29866273,29866283,29866303,29866307,29866313,29866339,29866349,
(1850010) | 29866367,29866379,29866387,29866391,29866427,29866429,29866439,29866451,29866453,29866469,29866481,29866493,29866561,29866583,29866619,29866643,29866649,29866663,29866679,29866693,
(1850030) | 29866729,29866751,29866757,29866769,29866787,29866799,29866813,29866817,29866829,29866831,29866843,29866849,29866853,29866871,29866873,29866877,29866891,29866913,29866927,29866933,
(1850050) | 29866939,29866951,29866997,29866999,29867009,29867023,29867027,29867051,29867053,29867077,29867081,29867141,29867153,29867161,29867171,29867197,29867203,29867207,29867213,29867237,
(1850070) | 29867263,29867267,29867269,29867273,29867281,29867287,29867323,29867333,29867359,29867381,29867389,29867407,29867429,29867441,29867443,29867447,29867459,29867483,29867531,29867533,
(1850090) | 29867549,29867569,29867573,29867581,29867587,29867603,29867627,29867647,29867653,29867687,29867689,29867693,29867707,29867737,29867743,29867797,29867801,29867807,29867813,29867819,
(1850110) | 29867833,29867839,29867879,29867881,29867899,29867923,29867927,29867933,29867939,29867953,29868001,29868017,29868029,29868061,29868073,29868089,29868107,29868161,29868199,29868217,
(1850130) | 29868227,29868229,29868233,29868239,29868257,29868263,29868313,29868341,29868343,29868373,29868379,29868383,29868401,29868403,29868457,29868479,29868491,29868497,29868511,29868523,
(1850150) | 29868529,29868571,29868581,29868599,29868653,29868673,29868679,29868739,29868763,29868781,29868791,29868793,29868799,29868803,29868851,29868859,29868863,29868889,29868901,29868907,
(1850170) | 29868911,29868913,29868941,29868959,29868977,29868989,29868991,29868997,29869001,29869009,29869013,29869039,29869067,29869079,29869087,29869117,29869181,29869183,29869211,29869223,
(1850190) | 29869267,29869271,29869283,29869291,29869297,29869313,29869319,29869331,29869339,29869351,29869381,29869409,29869421,29869429,29869439,29869447,29869481,29869531,29869547,29869549,
(1850210) | 29869589,29869591,29869603,29869613,29869621,29869633,29869643,29869657,29869669,29869711,29869717,29869733,29869747,29869751,29869757,29869789,29869811,29869813,29869817,29869823,
(1850230) | 29869831,29869837,29869859,29869933,29869937,29869951,29869967,29869991,29870021,29870023,29870039,29870041,29870047,29870059,29870069,29870101,29870117,29870129,29870131,29870149,
(1850250) | 29870171,29870189,29870201,29870209,29870219,29870221,29870237,29870279,29870287,29870293,29870303,29870327,29870341,29870363,29870369,29870381,29870383,29870389,29870437,29870473,
(1850270) | 29870501,29870539,29870557,29870563,29870587,29870647,29870653,29870657,29870671,29870689,29870693,29870719,29870741,29870761,29870777,29870791,29870807,29870809,29870839,29870857,
(1850290) | 29870861,29870881,29870903,29870923,29870941,29870947,29870969,29870987,29870993,29871031,29871041,29871071,29871103,29871113,29871137,29871139,29871161,29871167,29871203,29871209,
(1850310) | 29871223,29871229,29871253,29871269,29871301,29871311,29871323,29871349,29871377,29871389,29871419,29871427,29871433,29871449,29871463,29871467,29871473,29871487,29871509,29871529,
(1850330) | 29871539,29871551,29871557,29871577,29871581,29871593,29871599,29871607,29871613,29871619,29871623,29871671,29871679,29871689,29871707,29871719,29871727,29871763,29871823,29871833,
(1850350) | 29871841,29871859,29871887,29871923,29871929,29871979,29871983,29871991,29871997,29872013,29872027,29872039,29872079,29872081,29872091,29872099,29872109,29872121,29872177,29872223,
(1850370) | 29872253,29872273,29872277,29872279,29872301,29872319,29872379,29872391,29872393,29872399,29872433,29872441,29872457,29872463,29872471,29872501,29872517,29872537,29872571,29872603,
(1850390) | 29872627,29872657,29872663,29872679,29872681,29872709,29872721,29872741,29872751,29872763,29872789,29872853,29872877,29872879,29872889,29872891,29872901,29872919,29872937,29872957,
(1850410) | 29872963,29872991,29873027,29873047,29873071,29873083,29873099,29873141,29873177,29873183,29873189,29873191,29873201,29873209,29873213,29873231,29873269,29873299,29873309,29873323,
(1850430) | 29873351,29873359,29873407,29873413,29873419,29873447,29873483,29873497,29873513,29873533,29873537,29873549,29873551,29873563,29873579,29873587,29873593,29873611,29873639,29873663,
(1850450) | 29873687,29873693,29873761,29873773,29873783,29873791,29873827,29873839,29873873,29873887,29873897,29873939,29873959,29873971,29873983,29873993,29874011,29874067,29874071,29874073,
(1850470) | 29874101,29874109,29874113,29874127,29874179,29874181,29874193,29874197,29874203,29874209,29874211,29874233,29874239,29874259,29874269,29874331,29874343,29874413,29874443,29874461,
(1850490) | 29874497,29874499,29874521,29874529,29874557,29874569,29874583,29874589,29874613,29874623,29874629,29874643,29874659,29874667,29874683,29874703,29874781,29874791,29874833,29874847,
(1850510) | 29874869,29874893,29874913,29874919,29874931,29874941,29874961,29874983,29874989,29874991,29874997,29875003,29875007,29875037,29875039,29875051,29875057,29875073,29875121,29875123,
(1850530) | 29875141,29875147,29875151,29875189,29875207,29875211,29875213,29875283,29875297,29875303,29875319,29875327,29875331,29875337,29875357,29875361,29875379,29875381,29875397,29875427,
(1850550) | 29875463,29875471,29875487,29875507,29875513,29875519,29875523,29875529,29875541,29875567,29875631,29875633,29875693,29875721,29875751,29875753,29875759,29875763,29875789,29875793,
(1850570) | 29875801,29875819,29875823,29875831,29875837,29875843,29875849,29875883,29875891,29875913,29875939,29875969,29875981,29875997,29876009,29876017,29876023,29876039,29876051,29876059,
(1850590) | 29876071,29876081,29876083,29876087,29876101,29876117,29876173,29876179,29876233,29876237,29876239,29876251,29876263,29876267,29876317,29876377,29876383,29876387,29876393,29876401,
(1850610) | 29876449,29876453,29876459,29876477,29876503,29876527,29876533,29876543,29876579,29876603,29876611,29876621,29876657,29876663,29876719,29876731,29876771,29876807,29876809,29876813,
(1850630) | 29876827,29876831,29876849,29876851,29876857,29876893,29876897,29876921,29876941,29876947,29876953,29876981,29876993,29876999,29877017,29877037,29877049,29877061,29877073,29877091,
(1850650) | 29877121,29877137,29877157,29877191,29877193,29877203,29877209,29877229,29877269,29877271,29877293,29877311,29877343,29877359,29877361,29877413,29877431,29877451,29877473,29877509,
(1850670) | 29877527,29877559,29877577,29877587,29877607,29877623,29877677,29877703,29877761,29877767,29877773,29877781,29877797,29877817,29877829,29877839,29877863,29877877,29877929,29877941,
(1850690) | 29877973,29878003,29878019,29878103,29878111,29878117,29878133,29878139,29878151,29878157,29878169,29878171,29878187,29878223,29878237,29878253,29878271,29878283,29878297,29878301,
(1850710) | 29878307,29878319,29878391,29878397,29878411,29878427,29878441,29878477,29878483,29878487,29878489,29878517,29878529,29878531,29878547,29878553,29878559,29878561,29878577,29878579,
(1850730) | 29878601,29878609,29878631,29878643,29878649,29878663,29878691,29878711,29878727,29878747,29878763,29878777,29878799,29878801,29878841,29878847,29878853,29878867,29878883,29878897,
(1850750) | 29878907,29878913,29878949,29878969,29878987,29878993,29878997,29879027,29879029,29879033,29879051,29879089,29879099,29879131,29879137,29879173,29879177,29879197,29879207,29879219,
(1850770) | 29879237,29879243,29879249,29879273,29879287,29879303,29879351,29879363,29879371,29879383,29879413,29879449,29879471,29879477,29879497,29879501,29879503,29879519,29879527,29879543,
(1850790) | 29879561,29879587,29879593,29879623,29879627,29879653,29879669,29879677,29879741,29879747,29879767,29879771,29879779,29879791,29879803,29879809,29879833,29879869,29879873,29879879,
(1850810) | 29879887,29879891,29879957,29879959,29880017,29880047,29880073,29880077,29880079,29880113,29880131,29880139,29880157,29880163,29880167,29880173,29880209,29880211,29880223,29880229,
(1850830) | 29880233,29880239,29880241,29880247,29880259,29880269,29880283,29880299,29880307,29880329,29880341,29880359,29880371,29880379,29880419,29880449,29880451,29880457,29880463,29880467,
(1850850) | 29880479,29880493,29880503,29880533,29880541,29880551,29880589,29880623,29880689,29880751,29880757,29880791,29880803,29880811,29880827,29880857,29880889,29880899,29880919,29880953,
(1850870) | 29880971,29880973,29881003,29881009,29881013,29881051,29881063,29881067,29881069,29881073,29881139,29881147,29881177,29881193,29881213,29881219,29881249,29881261,29881279,29881283,
(1850890) | 29881289,29881307,29881321,29881337,29881343,29881351,29881367,29881387,29881409,29881417,29881421,29881429,29881441,29881447,29881451,29881469,29881499,29881543,29881549,29881561,
(1850910) | 29881567,29881589,29881619,29881627,29881633,29881637,29881651,29881693,29881697,29881717,29881727,29881739,29881751,29881837,29881847,29881849,29881871,29881879,29881897,29881913,
(1850930) | 29881939,29881963,29882011,29882057,29882087,29882101,29882113,29882123,29882147,29882179,29882183,29882189,29882197,29882207,29882213,29882219,29882239,29882249,29882263,29882287,
(1850950) | 29882299,29882309,29882327,29882329,29882371,29882387,29882389,29882417,29882429,29882431,29882443,29882449,29882467,29882471,29882519,29882521,29882527,29882533,29882537,29882539,
(1850970) | 29882561,29882579,29882581,29882597,29882609,29882621,29882641,29882653,29882659,29882683,29882689,29882701,29882707,29882711,29882747,29882761,29882833,29882837,29882861,29882869,
(1850990) | 29882903,29882927,29882933,29882947,29882959,29882987,29882999,29883017,29883019,29883031,29883089,29883097,29883103,29883121,29883167,29883179,29883197,29883199,29883241,29883247,
(1851010) | 29883283,29883289,29883313,29883319,29883341,29883367,29883379,29883389,29883401,29883419,29883421,29883431,29883437,29883439,29883443,29883487,29883527,29883551,29883563,29883571,
(1851030) | 29883593,29883617,29883653,29883683,29883691,29883701,29883727,29883731,29883743,29883757,29883761,29883769,29883787,29883803,29883811,29883817,29883853,29883859,29883863,29883911,
(1851050) | 29883929,29883967,29883991,29884003,29884009,29884013,29884021,29884037,29884073,29884081,29884087,29884091,29884117,29884133,29884139,29884163,29884171,29884189,29884201,29884273,
(1851070) | 29884277,29884289,29884303,29884307,29884333,29884369,29884373,29884381,29884409,29884411,29884417,29884451,29884457,29884507,29884537,29884553,29884559,29884573,29884577,29884579,
(1851090) | 29884609,29884619,29884649,29884717,29884727,29884733,29884741,29884753,29884763,29884783,29884787,29884807,29884847,29884849,29884867,29884873,29884901,29884913,29884949,29884973,
(1851110) | 29884979,29885003,29885017,29885029,29885033,29885039,29885041,29885071,29885077,29885087,29885101,29885111,29885113,29885117,29885131,29885137,29885153,29885171,29885183,29885189,
(1851130) | 29885213,29885237,29885243,29885263,29885267,29885281,29885291,29885321,29885353,29885357,29885369,29885389,29885393,29885411,29885413,29885419,29885431,29885437,29885459,29885477,
(1851150) | 29885489,29885501,29885503,29885509,29885539,29885549,29885567,29885617,29885627,29885633,29885657,29885701,29885741,29885771,29885777,29885783,29885833,29885837,29885839,29885897,
(1851170) | 29885909,29885941,29885951,29885957,29885963,29885969,29885987,29886023,29886029,29886041,29886061,29886067,29886079,29886083,29886097,29886133,29886137,29886173,29886191,29886193,
(1851190) | 29886217,29886229,29886239,29886257,29886281,29886287,29886301,29886331,29886341,29886347,29886349,29886359,29886371,29886397,29886403,29886421,29886427,29886431,29886433,29886469,
(1851210) | 29886473,29886497,29886503,29886517,29886533,29886547,29886551,29886587,29886611,29886613,29886631,29886641,29886643,29886653,29886667,29886671,29886719,29886737,29886739,29886743,
(1851230) | 29886749,29886797,29886841,29886847,29886853,29886881,29886893,29886917,29886929,29886937,29886947,29886973,29887027,29887061,29887063,29887079,29887087,29887103,29887111,29887141,
(1851250) | 29887147,29887153,29887163,29887181,29887199,29887219,29887223,29887229,29887243,29887261,29887267,29887289,29887303,29887331,29887337,29887339,29887367,29887381,29887409,29887421,
(1851270) | 29887423,29887439,29887447,29887493,29887523,29887531,29887541,29887549,29887573,29887577,29887579,29887607,29887631,29887633,29887639,29887651,29887657,29887673,29887679,29887681,
(1851290) | 29887687,29887699,29887727,29887763,29887769,29887771,29887801,29887831,29887841,29887849,29887859,29887861,29887867,29887877,29887889,29887901,29887961,29887973,29887993,29888029,
(1851310) | 29888071,29888077,29888087,29888107,29888129,29888137,29888141,29888143,29888147,29888179,29888189,29888191,29888219,29888239,29888251,29888269,29888281,29888291,29888333,29888347,
(1851330) | 29888377,29888399,29888413,29888423,29888447,29888461,29888471,29888497,29888503,29888519,29888543,29888581,29888587,29888591,29888641,29888671,29888687,29888689,29888699,29888731,
(1851350) | 29888759,29888777,29888797,29888801,29888809,29888813,29888857,29888893,29888899,29888909,29888917,29888981,29888993,29889011,29889019,29889023,29889089,29889103,29889113,29889163,
(1851370) | 29889173,29889221,29889269,29889271,29889283,29889319,29889371,29889421,29889439,29889449,29889463,29889479,29889491,29889499,29889523,29889529,29889547,29889583,29889623,29889659,
(1851390) | 29889661,29889667,29889683,29889707,29889731,29889751,29889787,29889823,29889829,29889851,29889863,29889883,29889889,29889901,29889913,29889917,29889941,29889947,29889953,29889971,
(1851410) | 29889991,29890009,29890019,29890033,29890037,29890093,29890109,29890111,29890141,29890151,29890153,29890171,29890181,29890207,29890229,29890253,29890277,29890279,29890283,29890297,
(1851430) | 29890303,29890313,29890337,29890351,29890373,29890391,29890411,29890429,29890447,29890457,29890459,29890481,29890513,29890529,29890559,29890571,29890577,29890583,29890589,29890649,
(1851450) | 29890661,29890669,29890691,29890711,29890717,29890723,29890747,29890801,29890859,29890867,29890897,29890907,29890921,29890943,29890951,29890957,29890969,29890979,29890997,29891003,
(1851470) | 29891021,29891077,29891087,29891089,29891093,29891129,29891167,29891171,29891177,29891189,29891203,29891221,29891233,29891243,29891249,29891263,29891291,29891293,29891297,29891299,
(1851490) | 29891317,29891327,29891357,29891363,29891377,29891399,29891437,29891441,29891443,29891453,29891461,29891473,29891531,29891557,29891569,29891611,29891623,29891677,29891681,29891699,
(1851510) | 29891707,29891713,29891717,29891723,29891749,29891759,29891761,29891767,29891839,29891887,29891903,29891951,29891963,29891971,29891987,29892007,29892017,29892067,29892077,29892097,
(1851530) | 29892131,29892133,29892139,29892143,29892179,29892193,29892197,29892209,29892211,29892217,29892227,29892241,29892281,29892287,29892293,29892299,29892319,29892323,29892361,29892383,
(1851550) | 29892389,29892391,29892431,29892451,29892469,29892493,29892509,29892521,29892523,29892563,29892601,29892607,29892619,29892631,29892659,29892661,29892671,29892673,29892677,29892691,
(1851570) | 29892701,29892721,29892727,29892761,29892769,29892803,29892809,29892829,29892839,29892857,29892859,29892883,29892887,29892913,29892931,29892943,29892979,29892983,29892991,29893013,
(1851590) | 29893027,29893037,29893043,29893049,29893057,29893063,29893067,29893103,29893109,29893121,29893147,29893153,29893159,29893187,29893217,29893247,29893267,29893277,29893291,29893309,
(1851610) | 29893321,29893333,29893349,29893379,29893397,29893411,29893421,29893439,29893453,29893481,29893489,29893499,29893541,29893547,29893559,29893561,29893597,29893607,29893609,29893637,
(1851630) | 29893639,29893649,29893651,29893657,29893663,29893673,29893681,29893709,29893727,29893753,29893763,29893771,29893777,29893823,29893873,29893883,29893931,29893967,29894003,29894009,
(1851650) | 29894017,29894047,29894057,29894077,29894093,29894107,29894119,29894129,29894147,29894167,29894191,29894203,29894237,29894251,29894257,29894287,29894309,29894321,29894327,29894357,
(1851670) | 29894387,29894399,29894407,29894413,29894419,29894437,29894441,29894443,29894461,29894519,29894531,29894537,29894539,29894567,29894587,29894603,29894639,29894647,29894659,29894677,
(1851690) | 29894681,29894693,29894701,29894707,29894713,29894717,29894803,29894849,29894873,29894897,29894903,29894939,29894957,29894971,29894983,29894987,29894989,29895013,29895017,29895031,
(1851710) | 29895043,29895049,29895053,29895059,29895071,29895079,29895139,29895161,29895209,29895221,29895247,29895251,29895269,29895287,29895289,29895311,29895329,29895347,29895361,29895373,
(1851730) | 29895391,29895403,29895407,29895409,29895413,29895421,29895443,29895457,29895487,29895499,29895527,29895533,29895553,29895557,29895559,29895583,29895587,29895623,29895629,29895637,
(1851750) | 29895659,29895709,29895727,29895737,29895739,29895787,29895821,29895823,29895841,29895881,29895913,29895919,29895937,29895947,29895959,29895961,29895973,29895977,29895991,29896001,
(1851770) | 29896007,29896073,29896099,29896117,29896123,29896133,29896147,29896151,29896157,29896169,29896171,29896199,29896211,29896213,29896231,29896241,29896247,29896261,29896289,29896301,
(1851790) | 29896327,29896331,29896337,29896357,29896381,29896393,29896397,29896409,29896417,29896429,29896439,29896453,29896457,29896459,29896469,29896487,29896501,29896513,29896547,29896561,
(1851810) | 29896577,29896579,29896583,29896589,29896621,29896627,29896631,29896697,29896721,29896729,29896733,29896781,29896799,29896813,29896817,29896819,29896843,29896891,29896901,29896903,
(1851830) | 29896939,29896957,29896963,29896973,29896981,29897003,29897009,29897017,29897047,29897059,29897071,29897107,29897143,29897149,29897167,29897207,29897239,29897261,29897267,29897291,
(1851850) | 29897293,29897327,29897333,29897359,29897377,29897383,29897419,29897449,29897453,29897519,29897551,29897587,29897617,29897633,29897641,29897669,29897683,29897729,29897731,29897741,
(1851870) | 29897759,29897767,29897779,29897789,29897801,29897831,29897851,29897863,29897873,29897891,29897899,29897909,29897911,29897929,29897939,29897941,29897957,29897971,29897977,29897983,
(1851890) | 29897993,29898031,29898049,29898079,29898083,29898097,29898107,29898133,29898139,29898149,29898161,29898179,29898199,29898203,29898221,29898233,29898241,29898247,29898259,29898283,
(1851910) | 29898289,29898293,29898299,29898301,29898317,29898329,29898371,29898377,29898383,29898403,29898487,29898499,29898521,29898527,29898541,29898559,29898569,29898581,29898593,29898611,
(1851930) | 29898641,29898677,29898691,29898697,29898707,29898709,29898719,29898769,29898773,29898779,29898821,29898833,29898839,29898853,29898859,29898863,29898871,29898877,29898941,29898959,
(1851950) | 29898983,29899031,29899069,29899091,29899099,29899157,29899187,29899189,29899193,29899231,29899249,29899271,29899297,29899301,29899313,29899321,29899327,29899349,29899351,29899357,
(1851970) | 29899391,29899393,29899403,29899409,29899411,29899423,29899427,29899433,29899439,29899451,29899459,29899511,29899523,29899547,29899603,29899613,29899627,29899643,29899679,29899693,
(1851990) | 29899703,29899721,29899729,29899739,29899781,29899789,29899801,29899813,29899819,29899823,29899861,29899871,29899879,29899907,29899967,29899993,29900009,29900021,29900051,29900071,
(1852010) | 29900081,29900083,29900099,29900119,29900137,29900201,29900203,29900237,29900249,29900251,29900267,29900279,29900287,29900293,29900303,29900323,29900327,29900359,29900369,29900371,
(1852030) | 29900383,29900393,29900407,29900417,29900419,29900441,29900459,29900489,29900503,29900513,29900531,29900539,29900561,29900587,29900593,29900597,29900627,29900641,29900677,29900723,
(1852050) | 29900777,29900779,29900803,29900809,29900821,29900831,29900837,29900861,29900891,29900903,29900917,29900939,29900951,29900963,29900971,29900987,29900993,29901031,29901061,29901073,
(1852070) | 29901077,29901089,29901101,29901103,29901107,29901139,29901149,29901161,29901167,29901187,29901191,29901199,29901239,29901247,29901281,29901299,29901343,29901359,29901371,29901397,
(1852090) | 29901451,29901461,29901463,29901533,29901539,29901551,29901563,29901583,29901601,29901617,29901637,29901647,29901689,29901709,29901733,29901761,29901779,29901787,29901791,29901799,
(1852110) | 29901811,29901821,29901857,29901901,29901913,29901923,29901931,29901941,29901943,29901983,29902043,29902049,29902051,29902109,29902111,29902127,29902141,29902151,29902177,29902183,
(1852130) | 29902189,29902193,29902247,29902267,29902273,29902307,29902331,29902343,29902351,29902357,29902361,29902421,29902429,29902463,29902469,29902471,29902511,29902529,29902559,29902577,
(1852150) | 29902583,29902589,29902603,29902667,29902687,29902723,29902729,29902757,29902777,29902781,29902801,29902811,29902867,29902889,29902891,29902897,29902913,29902933,29902997,29903009,
(1852170) | 29903011,29903023,29903033,29903047,29903053,29903057,29903087,29903099,29903101,29903129,29903161,29903173,29903201,29903213,29903249,29903267,29903273,29903281,29903299,29903311,
(1852190) | 29903329,29903333,29903339,29903351,29903353,29903369,29903371,29903389,29903417,29903429,29903449,29903513,29903537,29903539,29903543,29903557,29903563,29903579,29903591,29903593,
(1852210) | 29903651,29903683,29903717,29903723,29903729,29903743,29903779,29903831,29903857,29903869,29903917,29903921,29903927,29903941,29903953,29903971,29903977,29903983,29903989,29904011,
(1852230) | 29904019,29904023,29904053,29904059,29904067,29904097,29904109,29904167,29904169,29904197,29904239,29904247,29904283,29904289,29904337,29904353,29904359,29904373,29904379,29904401,
(1852250) | 29904431,29904437,29904443,29904451,29904463,29904487,29904503,29904521,29904527,29904533,29904541,29904551,29904557,29904559,29904569,29904583,29904587,29904601,29904619,29904629,
(1852270) | 29904647,29904653,29904661,29904673,29904731,29904733,29904779,29904781,29904793,29904839,29904907,29904923,29904937,29904943,29904947,29904971,29904977,29904997,29905009,29905013,
(1852290) | 29905039,29905087,29905093,29905103,29905151,29905163,29905171,29905181,29905199,29905217,29905219,29905223,29905231,29905237,29905243,29905247,29905273,29905283,29905307,29905331,
(1852310) | 29905357,29905417,29905427,29905453,29905457,29905493,29905549,29905553,29905591,29905609,29905643,29905649,29905679,29905693,29905721,29905739,29905763,29905781,29905787,29905801,
(1852330) | 29905823,29905847,29905849,29905871,29905877,29905891,29905901,29905903,29905913,29905927,29905951,29905961,29905963,29905969,29906017,29906029,29906039,29906069,29906083,29906137,
(1852350) | 29906143,29906189,29906197,29906203,29906243,29906251,29906263,29906291,29906293,29906299,29906339,29906369,29906389,29906441,29906479,29906491,29906497,29906533,29906557,29906579,
(1852370) | 29906593,29906603,29906609,29906641,29906663,29906677,29906699,29906707,29906717,29906719,29906761,29906777,29906797,29906813,29906819,29906827,29906839,29906867,29906869,29906873,
(1852390) | 29906911,29906939,29906941,29906953,29906957,29906959,29906983,29907011,29907013,29907037,29907043,29907047,29907049,29907067,29907079,29907139,29907167,29907203,29907217,29907221,
(1852410) | 29907239,29907253,29907271,29907287,29907299,29907341,29907391,29907407,29907421,29907457,29907469,29907503,29907517,29907533,29907547,29907569,29907587,29907593,29907601,29907617,
(1852430) | 29907623,29907643,29907679,29907697,29907701,29907707,29907733,29907763,29907791,29907793,29907799,29907809,29907851,29907853,29907869,29907883,29907893,29907907,29907923,29907989,
(1852450) | 29907991,29908003,29908009,29908037,29908051,29908079,29908127,29908129,29908133,29908139,29908141,29908157,29908159,29908163,29908169,29908171,29908181,29908187,29908199,29908201,
(1852470) | 29908327,29908357,29908363,29908379,29908387,29908399,29908421,29908427,29908429,29908447,29908481,29908513,29908519,29908523,29908577,29908601,29908673,29908709,29908751,29908771,
(1852490) | 29908777,29908783,29908787,29908799,29908807,29908819,29908841,29908877,29908891,29908897,29908927,29908979,29908981,29908999,29909051,29909053,29909081,29909083,29909107,29909111,
(1852510) | 29909129,29909153,29909161,29909167,29909189,29909197,29909261,29909281,29909291,29909311,29909317,29909323,29909333,29909339,29909351,29909393,29909417,29909419,29909441,29909447,
(1852530) | 29909471,29909483,29909497,29909549,29909563,29909569,29909587,29909597,29909611,29909617,29909651,29909657,29909669,29909687,29909717,29909723,29909731,29909753,29909767,29909771,
(1852550) | 29909773,29909777,29909807,29909833,29909839,29909863,29909879,29909903,29909911,29909923,29909941,29909969,29909981,29909989,29909993,29910007,29910017,29910019,29910029,29910059,
(1852570) | 29910061,29910103,29910113,29910119,29910169,29910187,29910211,29910229,29910233,29910239,29910253,29910271,29910329,29910371,29910421,29910449,29910451,29910457,29910469,29910473,
(1852590) | 29910481,29910487,29910493,29910523,29910539,29910547,29910563,29910577,29910589,29910631,29910637,29910653,29910677,29910719,29910739,29910773,29910779,29910821,29910841,29910857,
(1852610) | 29910889,29910899,29910931,29910949,29910953,29911003,29911019,29911039,29911043,29911051,29911061,29911069,29911081,29911087,29911117,29911121,29911127,29911159,29911163,29911183,
(1852630) | 29911199,29911237,29911241,29911283,29911309,29911319,29911331,29911337,29911363,29911369,29911379,29911391,29911423,29911433,29911447,29911463,29911481,29911487,29911489,29911501,
(1852650) | 29911507,29911561,29911573,29911597,29911603,29911613,29911631,29911633,29911639,29911649,29911657,29911667,29911697,29911709,29911711,29911723,29911727,29911781,29911813,29911829,
(1852670) | 29911859,29911867,29911877,29911883,29911913,29911927,29911933,29911943,29911951,29911979,29912009,29912039,29912041,29912053,29912063,29912081,29912101,29912119,29912123,29912149,
(1852690) | 29912177,29912189,29912203,29912221,29912249,29912269,29912273,29912297,29912321,29912339,29912341,29912347,29912357,29912359,29912413,29912417,29912419,29912429,29912447,29912459,
(1852710) | 29912461,29912473,29912483,29912497,29912501,29912507,29912527,29912549,29912567,29912573,29912579,29912591,29912609,29912611,29912621,29912629,29912651,29912681,29912713,29912747,
(1852730) | 29912789,29912803,29912819,29912863,29912879,29912881,29912893,29912917,29912921,29912929,29912947,29912963,29912969,29912999,29913029,29913031,29913043,29913061,29913073,29913089,
(1852750) | 29913101,29913127,29913173,29913209,29913211,29913229,29913269,29913281,29913311,29913329,29913341,29913343,29913347,29913349,29913361,29913371,29913431,29913437,29913439,29913451,
(1852770) | 29913469,29913491,29913493,29913497,29913503,29913517,29913563,29913577,29913589,29913599,29913613,29913623,29913629,29913661,29913671,29913679,29913713,29913743,29913757,29913769,
(1852790) | 29913811,29913839,29913901,29913907,29913937,29913941,29913953,29913971,29913991,29913997,29914009,29914021,29914063,29914117,29914123,29914139,29914153,29914193,29914211,29914259,
(1852810) | 29914273,29914307,29914319,29914321,29914331,29914337,29914351,29914363,29914397,29914403,29914427,29914429,29914433,29914447,29914453,29914471,29914477,29914481,29914487,29914517,
(1852830) | 29914519,29914529,29914567,29914571,29914589,29914601,29914639,29914663,29914667,29914673,29914681,29914691,29914699,29914727,29914733,29914757,29914771,29914793,29914811,29914813,
(1852850) | 29914823,29914831,29914847,29914853,29914861,29914867,29914931,29914939,29914961,29914967,29914991,29915003,29915021,29915023,29915027,29915033,29915047,29915051,29915107,29915131,
(1852870) | 29915173,29915191,29915213,29915219,29915243,29915293,29915297,29915309,29915311,29915383,29915399,29915407,29915411,29915429,29915447,29915467,29915497,29915503,29915513,29915521,
(1852890) | 29915531,29915533,29915551,29915591,29915621,29915653,29915657,29915741,29915749,29915761,29915771,29915777,29915789,29915807,29915843,29915887,29915933,29915947,29915981,29915983,
(1852910) | 29915989,29915999,29916001,29916043,29916049,29916067,29916097,29916109,29916113,29916121,29916149,29916151,29916157,29916191,29916217,29916253,29916259,29916269,29916281,29916283,
(1852930) | 29916319,29916323,29916361,29916373,29916389,29916391,29916427,29916443,29916463,29916473,29916499,29916517,29916529,29916541,29916571,29916613,29916619,29916671,29916673,29916701,
(1852950) | 29916703,29916749,29916763,29916791,29916793,29916797,29916833,29916841,29916847,29916877,29916899,29916917,29916919,29916959,29916961,29916973,29917007,29917021,29917033,29917049,
(1852970) | 29917081,29917087,29917099,29917133,29917141,29917159,29917163,29917171,29917187,29917219,29917243,29917259,29917289,29917291,29917301,29917337,29917361,29917369,29917417,29917453,
(1852990) | 29917463,29917469,29917471,29917553,29917567,29917579,29917583,29917597,29917607,29917619,29917631,29917639,29917669,29917703,29917717,29917721,29917729,29917747,29917751,29917753,
(1853010) | 29917757,29917777,29917787,29917801,29917813,29917817,29917819,29917829,29917831,29917847,29917873,29917891,29917933,29917961,29917969,29917997,29918003,29918017,29918029,29918039,
(1853030) | 29918059,29918081,29918087,29918093,29918107,29918117,29918123,29918137,29918159,29918167,29918171,29918177,29918191,29918261,29918267,29918269,29918297,29918303,29918333,29918347,
(1853050) | 29918353,29918437,29918443,29918467,29918489,29918491,29918509,29918527,29918531,29918549,29918557,29918563,29918569,29918573,29918579,29918593,29918599,29918611,29918641,29918663,
(1853070) | 29918677,29918683,29918717,29918729,29918741,29918747,29918767,29918771,29918789,29918821,29918839,29918849,29918851,29918857,29918869,29918873,29918879,29918881,29918899,29918909,
(1853090) | 29918921,29918957,29918969,29918983,29919007,29919023,29919037,29919059,29919073,29919101,29919103,29919107,29919121,29919137,29919151,29919163,29919173,29919179,29919191,29919193,
(1853110) | 29919229,29919257,29919277,29919283,29919287,29919353,29919367,29919391,29919403,29919413,29919437,29919479,29919493,29919497,29919517,29919521,29919551,29919559,29919563,29919581,
(1853130) | 29919599,29919653,29919691,29919697,29919731,29919733,29919739,29919751,29919761,29919767,29919781,29919797,29919817,29919823,29919859,29919863,29919899,29919919,29919943,29919971,
(1853150) | 29919997,29920001,29920019,29920031,29920061,29920069,29920081,29920091,29920097,29920103,29920129,29920147,29920151,29920157,29920159,29920169,29920183,29920207,29920213,29920259,
(1853170) | 29920271,29920273,29920277,29920279,29920337,29920339,29920349,29920351,29920361,29920379,29920393,29920403,29920411,29920417,29920427,29920463,29920469,29920481,29920483,29920507,
(1853190) | 29920519,29920537,29920559,29920571,29920613,29920619,29920621,29920637,29920661,29920669,29920691,29920703,29920727,29920757,29920771,29920777,29920823,29920841,29920853,29920871,
(1853210) | 29920883,29920949,29920973,29920987,29920993,29920997,29921009,29921039,29921041,29921053,29921057,29921063,29921117,29921119,29921131,29921147,29921153,29921179,29921189,29921237,
(1853230) | 29921273,29921323,29921347,29921363,29921393,29921399,29921401,29921429,29921443,29921449,29921467,29921473,29921477,29921497,29921501,29921509,29921519,29921527,29921543,29921569,
(1853250) | 29921623,29921681,29921701,29921719,29921729,29921737,29921741,29921753,29921777,29921779,29921783,29921797,29921807,29921813,29921821,29921833,29921867,29921911,29921933,29921951,
(1853270) | 29921953,29921977,29921981,29921993,29922001,29922019,29922029,29922041,29922049,29922071,29922077,29922107,29922143,29922163,29922173,29922181,29922197,29922199,29922203,29922209,
(1853290) | 29922239,29922257,29922259,29922271,29922289,29922313,29922317,29922323,29922337,29922341,29922383,29922437,29922449,29922457,29922467,29922469,29922479,29922493,29922509,29922551,
(1853310) | 29922569,29922589,29922619,29922637,29922647,29922667,29922671,29922689,29922733,29922769,29922791,29922811,29922821,29922829,29922833,29922877,29922917,29922923,29922953,29922979,
(1853330) | 29923057,29923063,29923073,29923093,29923097,29923109,29923133,29923139,29923147,29923171,29923177,29923183,29923219,29923237,29923249,29923261,29923297,29923301,29923303,29923319,
(1853350) | 29923363,29923379,29923381,29923469,29923477,29923493,29923507,29923511,29923547,29923577,29923583,29923591,29923633,29923687,29923693,29923697,29923717,29923721,29923753,29923769,
(1853370) | 29923771,29923793,29923799,29923801,29923811,29923837,29923871,29923909,29923919,29923921,29923939,29923963,29923979,29923981,29923991,29923997,29924003,29924017,29924039,29924051,
(1853390) | 29924057,29924113,29924119,29924129,29924149,29924159,29924177,29924189,29924249,29924261,29924263,29924273,29924287,29924303,29924339,29924341,29924351,29924359,29924371,29924399,
(1853410) | 29924407,29924417,29924429,29924443,29924467,29924501,29924507,29924509,29924519,29924569,29924591,29924599,29924611,29924617,29924621,29924627,29924659,29924663,29924747,29924767,
(1853430) | 29924779,29924789,29924809,29924819,29924833,29924837,29924857,29924887,29925017,29925037,29925053,29925061,29925067,29925073,29925107,29925113,29925127,29925157,29925167,29925169,
(1853450) | 29925173,29925191,29925221,29925223,29925239,29925241,29925251,29925257,29925283,29925289,29925347,29925383,29925403,29925433,29925473,29925479,29925481,29925487,29925521,29925523,
(1853470) | 29925541,29925557,29925601,29925611,29925619,29925631,29925641,29925647,29925667,29925671,29925673,29925683,29925697,29925739,29925743,29925769,29925787,29925809,29925853,29925913,
(1853490) | 29925947,29925953,29925971,29925991,29926021,29926027,29926037,29926063,29926087,29926093,29926109,29926111,29926123,29926133,29926139,29926177,29926201,29926213,29926223,29926261,
(1853510) | 29926279,29926297,29926301,29926313,29926319,29926327,29926331,29926333,29926361,29926363,29926373,29926411,29926441,29926447,29926459,29926489,29926499,29926513,29926529,29926541,
(1853530) | 29926573,29926591,29926601,29926607,29926619,29926627,29926643,29926669,29926693,29926697,29926709,29926717,29926739,29926769,29926777,29926847,29926849,29926867,29926877,29926891,
(1853550) | 29926907,29926913,29926943,29926951,29926993,29927039,29927041,29927047,29927087,29927111,29927129,29927137,29927141,29927179,29927201,29927207,29927213,29927243,29927251,29927263,
(1853570) | 29927291,29927311,29927329,29927363,29927377,29927383,29927389,29927399,29927419,29927437,29927459,29927467,29927473,29927477,29927501,29927503,29927509,29927537,29927539,29927543,
(1853590) | 29927549,29927587,29927593,29927609,29927671,29927687,29927713,29927753,29927771,29927773,29927791,29927801,29927813,29927851,29927879,29927897,29927917,29927929,29927999,29928001,
(1853610) | 29928013,29928023,29928047,29928053,29928071,29928077,29928091,29928127,29928131,29928137,29928149,29928179,29928187,29928193,29928251,29928253,29928257,29928271,29928277,29928293,
(1853630) | 29928307,29928323,29928329,29928337,29928341,29928373,29928383,29928397,29928407,29928433,29928443,29928461,29928529,29928533,29928539,29928557,29928601,29928631,29928643,29928659,
(1853650) | 29928673,29928677,29928683,29928709,29928719,29928739,29928749,29928757,29928763,29928779,29928803,29928809,29928839,29928851,29928859,29928869,29928889,29928901,29928917,29928923,
(1853670) | 29928929,29928937,29928953,29928991,29929007,29929021,29929033,29929037,29929069,29929079,29929087,29929091,29929093,29929099,29929169,29929171,29929181,29929213,29929241,29929243,
(1853690) | 29929261,29929267,29929297,29929301,29929309,29929331,29929391,29929397,29929399,29929409,29929423,29929483,29929507,29929513,29929517,29929561,29929583,29929597,29929607,29929609,
(1853710) | 29929621,29929649,29929661,29929687,29929699,29929727,29929729,29929733,29929759,29929793,29929817,29929819,29929847,29929853,29929871,29929873,29929901,29929903,29929909,29929919,
(1853730) | 29929931,29929937,29929961,29930063,29930099,29930113,29930119,29930129,29930141,29930143,29930161,29930179,29930191,29930203,29930231,29930237,29930281,29930293,29930297,29930309,
(1853750) | 29930311,29930317,29930357,29930359,29930371,29930393,29930449,29930501,29930503,29930569,29930599,29930603,29930609,29930617,29930647,29930653,29930683,29930699,29930707,29930711,
(1853770) | 29930729,29930737,29930753,29930773,29930777,29930783,29930807,29930821,29930839,29930851,29930893,29930899,29930921,29930933,29930939,29931001,29931017,29931043,29931049,29931059,
(1853790) | 29931091,29931131,29931149,29931157,29931163,29931191,29931199,29931227,29931247,29931263,29931301,29931331,29931359,29931383,29931401,29931437,29931439,29931443,29931449,29931463,
(1853810) | 29931493,29931497,29931511,29931521,29931529,29931571,29931613,29931617,29931619,29931637,29931641,29931659,29931661,29931667,29931677,29931691,29931701,29931719,29931721,29931731,
(1853830) | 29931739,29931743,29931749,29931761,29931773,29931793,29931817,29931887,29931943,29931949,29931953,29931961,29931977,29931989,29932013,29932027,29932037,29932043,29932051,29932069,
(1853850) | 29932079,29932093,29932099,29932139,29932141,29932157,29932159,29932169,29932211,29932219,29932229,29932237,29932241,29932247,29932261,29932289,29932303,29932307,29932313,29932319,
(1853870) | 29932339,29932367,29932369,29932403,29932421,29932423,29932433,29932459,29932471,29932489,29932493,29932531,29932541,29932549,29932589,29932603,29932613,29932673,29932681,29932697,
(1853890) | 29932717,29932723,29932739,29932751,29932769,29932781,29932783,29932787,29932813,29932823,29932841,29932849,29932873,29932919,29932927,29932943,29932951,29932957,29932997,29933009,
(1853910) | 29933053,29933063,29933081,29933083,29933087,29933089,29933147,29933153,29933171,29933207,29933213,29933221,29933231,29933251,29933257,29933273,29933279,29933291,29933317,29933339,
(1853930) | 29933363,29933399,29933411,29933437,29933441,29933443,29933467,29933479,29933489,29933503,29933509,29933537,29933543,29933593,29933609,29933627,29933639,29933641,29933647,29933663,
(1853950) | 29933669,29933677,29933681,29933699,29933707,29933747,29933749,29933801,29933803,29933807,29933831,29933857,29933863,29933881,29933899,29933903,29933921,29933927,29933929,29933989,
(1853970) | 29934011,29934013,29934031,29934041,29934043,29934049,29934053,29934083,29934133,29934143,29934187,29934211,29934217,29934259,29934269,29934271,29934277,29934283,29934341,29934353,
(1853990) | 29934371,29934379,29934413,29934419,29934439,29934449,29934451,29934473,29934479,29934529,29934533,29934539,29934563,29934571,29934607,29934613,29934631,29934659,29934677,29934703,
(1854010) | 29934721,29934731,29934733,29934743,29934763,29934767,29934769,29934791,29934829,29934833,29934847,29934859,29934869,29934907,29934913,29934929,29934967,29935001,29935021,29935027,
(1854030) | 29935049,29935063,29935067,29935093,29935111,29935117,29935123,29935133,29935151,29935159,29935177,29935187,29935219,29935223,29935229,29935231,29935247,29935253,29935277,29935327,
(1854050) | 29935349,29935357,29935369,29935379,29935387,29935421,29935447,29935463,29935471,29935481,29935501,29935523,29935531,29935537,29935541,29935547,29935561,29935571,29935573,29935579,
(1854070) | 29935601,29935603,29935613,29935637,29935639,29935649,29935681,29935687,29935721,29935723,29935729,29935751,29935753,29935777,29935799,29935813,29935837,29935879,29935883,29935889,
(1854090) | 29935891,29935897,29935907,29935909,29935921,29935931,29935973,29935979,29935991,29935993,29936009,29936083,29936089,29936119,29936141,29936161,29936171,29936183,29936197,29936209,
(1854110) | 29936233,29936243,29936279,29936287,29936327,29936341,29936383,29936407,29936447,29936449,29936461,29936477,29936479,29936503,29936521,29936527,29936531,29936551,29936563,29936581,
(1854130) | 29936591,29936597,29936617,29936629,29936657,29936681,29936701,29936719,29936747,29936749,29936759,29936771,29936773,29936827,29936833,29936839,29936843,29936887,29936899,29936911,
(1854150) | 29936923,29936927,29936939,29936953,29936957,29936981,29936993,29937001,29937029,29937049,29937071,29937097,29937101,29937139,29937143,29937151,29937157,29937161,29937223,29937239,
(1854170) | 29937247,29937253,29937263,29937301,29937307,29937371,29937419,29937431,29937433,29937461,29937463,29937469,29937473,29937487,29937491,29937529,29937533,29937539,29937547,29937563,
(1854190) | 29937601,29937619,29937623,29937643,29937659,29937679,29937689,29937703,29937709,29937727,29937751,29937767,29937779,29937781,29937821,29937827,29937841,29937899,29937949,29937953,
(1854210) | 29937991,29937997,29938001,29938009,29938031,29938061,29938067,29938093,29938109,29938127,29938133,29938141,29938147,29938151,29938171,29938189,29938229,29938231,29938247,29938253,
(1854230) | 29938261,29938273,29938301,29938303,29938313,29938327,29938361,29938367,29938369,29938379,29938397,29938409,29938417,29938423,29938451,29938453,29938457,29938463,29938477,29938507,
(1854250) | 29938511,29938523,29938537,29938543,29938549,29938561,29938567,29938603,29938613,29938627,29938633,29938669,29938679,29938757,29938771,29938781,29938787,29938789,29938873,29938877,
(1854270) | 29938891,29938967,29938973,29938981,29938999,29939027,29939053,29939081,29939083,29939089,29939099,29939153,29939167,29939171,29939177,29939191,29939197,29939201,29939213,29939219,
(1854290) | 29939233,29939249,29939251,29939293,29939297,29939317,29939321,29939369,29939381,29939387,29939411,29939443,29939453,29939461,29939467,29939473,29939479,29939489,29939519,29939543,
(1854310) | 29939551,29939557,29939579,29939587,29939599,29939617,29939621,29939639,29939681,29939713,29939747,29939761,29939773,29939783,29939807,29939849,29939851,29939857,29939891,29939909,
(1854330) | 29939933,29939947,29939957,29939983,29939989,29940013,29940019,29940037,29940047,29940049,29940073,29940103,29940121,29940133,29940149,29940161,29940173,29940187,29940193,29940233,
(1854350) | 29940271,29940299,29940331,29940343,29940353,29940397,29940403,29940473,29940481,29940497,29940509,29940517,29940529,29940539,29940577,29940583,29940607,29940613,29940643,29940661,
(1854370) | 29940683,29940697,29940719,29940727,29940737,29940749,29940767,29940773,29940787,29940797,29940809,29940811,29940829,29940887,29940901,29940923,29940949,29940983,29940991,29940997,
(1854390) | 29941001,29941003,29941007,29941013,29941033,29941039,29941069,29941081,29941091,29941127,29941129,29941141,29941157,29941181,29941183,29941187,29941189,29941211,29941217,29941231,
(1854410) | 29941243,29941259,29941279,29941297,29941333,29941361,29941363,29941367,29941391,29941409,29941421,29941433,29941447,29941451,29941453,29941463,29941493,29941501,29941523,29941529,
(1854430) | 29941531,29941577,29941579,29941591,29941609,29941643,29941687,29941693,29941727,29941729,29941741,29941759,29941763,29941781,29941787,29941799,29941801,29941841,29941859,29941861,
(1854450) | 29941897,29941903,29941909,29941921,29941937,29941993,29941999,29942023,29942039,29942051,29942053,29942069,29942089,29942093,29942111,29942141,29942161,29942173,29942179,29942197,
(1854470) | 29942201,29942207,29942279,29942281,29942291,29942293,29942303,29942327,29942329,29942351,29942357,29942371,29942387,29942417,29942447,29942449,29942467,29942477,29942489,29942503,
(1854490) | 29942531,29942533,29942551,29942567,29942579,29942603,29942609,29942623,29942641,29942699,29942701,29942719,29942743,29942747,29942767,29942777,29942789,29942837,29942839,29942881,
(1854510) | 29942897,29942911,29942923,29942929,29942947,29942951,29942959,29942971,29942981,29943019,29943029,29943041,29943047,29943049,29943059,29943073,29943077,29943083,29943091,29943119,
(1854530) | 29943127,29943139,29943143,29943157,29943169,29943181,29943187,29943191,29943203,29943223,29943227,29943229,29943247,29943257,29943271,29943289,29943293,29943301,29943311,29943313,
(1854550) | 29943317,29943337,29943349,29943367,29943377,29943379,29943383,29943481,29943491,29943521,29943533,29943577,29943581,29943583,29943637,29943649,29943673,29943733,29943743,29943779,
(1854570) | 29943787,29943821,29943833,29943847,29943853,29943869,29943871,29943877,29943889,29943911,29943913,29943929,29943959,29943967,29943971,29943973,29944003,29944007,29944027,29944043,
(1854590) | 29944069,29944129,29944141,29944147,29944163,29944181,29944199,29944207,29944219,29944231,29944237,29944253,29944267,29944279,29944283,29944289,29944303,29944319,29944331,29944337,
(1854610) | 29944349,29944363,29944393,29944423,29944427,29944451,29944471,29944477,29944483,29944489,29944493,29944517,29944547,29944571,29944573,29944583,29944601,29944613,29944619,29944693,
(1854630) | 29944697,29944711,29944723,29944751,29944753,29944757,29944777,29944787,29944793,29944799,29944867,29944879,29944903,29944933,29944987,29944991,29944997,29945009,29945017,29945021,
(1854650) | 29945033,29945051,29945077,29945093,29945107,29945119,29945137,29945141,29945189,29945191,29945213,29945221,29945231,29945233,29945269,29945281,29945291,29945297,29945299,29945359,
(1854670) | 29945369,29945413,29945417,29945431,29945437,29945453,29945459,29945467,29945497,29945521,29945527,29945537,29945561,29945579,29945581,29945593,29945633,29945647,29945677,29945731,
(1854690) | 29945737,29945761,29945779,29945809,29945813,29945821,29945827,29945831,29945833,29945849,29945869,29945873,29945917,29945933,29945941,29945947,29945953,29945999,29946013,29946029,
(1854710) | 29946047,29946053,29946079,29946089,29946121,29946139,29946149,29946173,29946179,29946187,29946199,29946221,29946227,29946229,29946233,29946239,29946247,29946251,29946263,29946281,
(1854730) | 29946307,29946347,29946353,29946407,29946463,29946479,29946491,29946493,29946517,29946569,29946599,29946613,29946659,29946671,29946677,29946691,29946701,29946733,29946737,29946739,
(1854750) | 29946743,29946751,29946757,29946779,29946781,29946797,29946799,29946811,29946827,29946857,29946871,29946881,29946887,29946947,29946971,29946977,29946991,29946997,29947007,29947033,
(1854770) | 29947079,29947087,29947103,29947109,29947117,29947129,29947139,29947163,29947193,29947199,29947201,29947213,29947223,29947259,29947277,29947297,29947331,29947367,29947381,29947427,
(1854790) | 29947433,29947469,29947471,29947483,29947487,29947493,29947499,29947513,29947529,29947531,29947537,29947571,29947573,29947583,29947607,29947613,29947639,29947649,29947657,29947661,
(1854810) | 29947663,29947669,29947681,29947721,29947733,29947741,29947747,29947759,29947769,29947777,29947787,29947793,29947831,29947843,29947847,29947849,29947867,29947913,29947921,29947949,
(1854830) | 29947961,29947963,29947979,29947993,29948027,29948029,29948053,29948057,29948099,29948111,29948119,29948131,29948159,29948183,29948197,29948209,29948287,29948291,29948299,29948357,
(1854850) | 29948363,29948381,29948423,29948437,29948453,29948473,29948497,29948519,29948533,29948537,29948557,29948587,29948591,29948603,29948623,29948627,29948647,29948671,29948687,29948717,
(1854870) | 29948719,29948741,29948753,29948837,29948879,29948881,29948899,29948923,29948927,29948953,29948969,29948977,29949037,29949071,29949091,29949119,29949133,29949203,29949217,29949221,
(1854890) | 29949233,29949239,29949247,29949251,29949253,29949277,29949281,29949313,29949343,29949347,29949349,29949383,29949421,29949449,29949463,29949467,29949497,29949509,29949511,29949523,
(1854910) | 29949533,29949541,29949553,29949559,29949583,29949589,29949593,29949599,29949617,29949641,29949671,29949679,29949691,29949697,29949709,29949727,29949739,29949781,29949811,29949827,
(1854930) | 29949847,29949851,29949853,29949863,29949877,29949883,29949893,29949919,29949943,29949961,29949991,29950003,29950007,29950021,29950027,29950033,29950079,29950093,29950103,29950159,
(1854950) | 29950169,29950181,29950187,29950189,29950241,29950253,29950259,29950267,29950303,29950307,29950313,29950331,29950357,29950363,29950373,29950381,29950387,29950391,29950429,29950457,
(1854970) | 29950471,29950483,29950499,29950507,29950511,29950553,29950561,29950579,29950589,29950597,29950601,29950603,29950637,29950643,29950673,29950721,29950741,29950751,29950759,29950771,
(1854990) | 29950793,29950801,29950829,29950841,29950847,29950849,29950861,29950913,29950927,29950933,29950961,29950967,29950979,29951003,29951021,29951023,29951029,29951039,29951057,29951063,
(1855010) | 29951069,29951099,29951101,29951107,29951123,29951147,29951149,29951153,29951189,29951209,29951213,29951219,29951231,29951261,29951281,29951309,29951381,29951387,29951401,29951407,
(1855030) | 29951419,29951423,29951489,29951503,29951513,29951531,29951539,29951557,29951567,29951573,29951609,29951633,29951639,29951641,29951659,29951707,29951711,29951723,29951767,29951777,
(1855050) | 29951813,29951821,29951839,29951843,29951849,29951869,29951879,29951897,29951903,29951939,29951941,29951947,29951953,29951963,29952023,29952029,29952031,29952053,29952059,29952067,
(1855070) | 29952073,29952089,29952101,29952103,29952121,29952161,29952179,29952191,29952211,29952217,29952229,29952239,29952253,29952271,29952289,29952313,29952319,29952323,29952347,29952359,
(1855090) | 29952397,29952401,29952407,29952413,29952421,29952443,29952451,29952469,29952497,29952529,29952539,29952581,29952631,29952649,29952653,29952667,29952719,29952731,29952743,29952751,
(1855110) | 29952761,29952763,29952773,29952787,29952803,29952809,29952847,29952889,29952893,29952899,29952907,29952941,29952973,29952991,29953051,29953057,29953081,29953111,29953117,29953159,
(1855130) | 29953163,29953169,29953213,29953219,29953229,29953237,29953243,29953271,29953277,29953279,29953283,29953361,29953373,29953381,29953421,29953423,29953447,29953453,29953457,29953463,
(1855150) | 29953477,29953513,29953529,29953531,29953537,29953577,29953591,29953597,29953601,29953603,29953661,29953663,29953667,29953669,29953673,29953691,29953699,29953717,29953741,29953753,
(1855170) | 29953799,29953811,29953829,29953837,29953841,29953849,29953907,29953919,29953921,29953939,29953951,29953961,29953969,29953991,29954003,29954117,29954143,29954147,29954161,29954207,
(1855190) | 29954219,29954227,29954237,29954251,29954263,29954291,29954311,29954333,29954341,29954363,29954377,29954383,29954411,29954429,29954447,29954453,29954461,29954489,29954539,29954549,
(1855210) | 29954567,29954569,29954597,29954609,29954611,29954633,29954647,29954653,29954669,29954677,29954707,29954737,29954779,29954791,29954797,29954807,29954851,29954863,29954879,29954891,
(1855230) | 29954909,29954923,29954987,29954989,29955007,29955011,29955031,29955041,29955049,29955059,29955061,29955091,29955127,29955143,29955161,29955193,29955203,29955221,29955239,29955251,
(1855250) | 29955253,29955259,29955293,29955301,29955307,29955313,29955329,29955349,29955427,29955439,29955451,29955491,29955493,29955503,29955529,29955551,29955553,29955557,29955559,29955599,
(1855270) | 29955631,29955677,29955713,29955721,29955727,29955733,29955743,29955749,29955763,29955787,29955791,29955839,29955841,29955847,29955899,29955911,29955917,29955923,29955943,29955949,
(1855290) | 29955973,29955979,29955983,29955997,29956007,29956019,29956039,29956049,29956081,29956151,29956153,29956229,29956237,29956253,29956279,29956309,29956349,29956351,29956427,29956441,
(1855310) | 29956457,29956463,29956471,29956477,29956481,29956513,29956523,29956529,29956547,29956561,29956583,29956621,29956637,29956657,29956679,29956709,29956723,29956733,29956763,29956769,
(1855330) | 29956789,29956811,29956841,29956847,29956867,29956889,29956919,29956931,29956933,29956951,29956957,29956981,29956987,29956999,29957003,29957021,29957027,29957047,29957069,29957071,
(1855350) | 29957089,29957099,29957117,29957149,29957173,29957177,29957209,29957219,29957231,29957237,29957251,29957269,29957287,29957299,29957321,29957329,29957341,29957351,29957371,29957393,
(1855370) | 29957401,29957407,29957437,29957441,29957453,29957467,29957479,29957483,29957497,29957503,29957533,29957567,29957591,29957611,29957617,29957633,29957639,29957677,29957731,29957761,
(1855390) | 29957779,29957789,29957797,29957803,29957819,29957821,29957831,29957833,29957849,29957857,29957861,29957869,29957881,29957897,29957909,29957929,29958001,29958011,29958031,29958107,
(1855410) | 29958119,29958133,29958139,29958161,29958163,29958209,29958211,29958217,29958239,29958277,29958281,29958283,29958293,29958311,29958329,29958337,29958359,29958361,29958373,29958377,
(1855430) | 29958389,29958449,29958451,29958457,29958473,29958491,29958499,29958527,29958553,29958563,29958569,29958571,29958613,29958619,29958623,29958629,29958647,29958661,29958671,29958697,
(1855450) | 29958703,29958707,29958713,29958739,29958751,29958791,29958821,29958883,29958931,29958967,29958979,29959019,29959021,29959043,29959073,29959081,29959093,29959103,29959121,29959123,
(1855470) | 29959157,29959177,29959187,29959199,29959201,29959213,29959217,29959243,29959247,29959277,29959283,29959289,29959309,29959313,29959331,29959339,29959387,29959393,29959399,29959417,
(1855490) | 29959441,29959453,29959477,29959481,29959483,29959487,29959511,29959537,29959541,29959607,29959651,29959667,29959673,29959717,29959739,29959747,29959801,29959817,29959819,29959837,
(1855510) | 29959843,29959859,29959861,29959873,29959883,29959901,29959907,29959927,29959931,29959991,29959997,29960033,29960041,29960071,29960087,29960111,29960143,29960173,29960201,29960209,
(1855530) | 29960221,29960257,29960263,29960279,29960297,29960309,29960347,29960389,29960407,29960419,29960429,29960453,29960519,29960521,29960527,29960531,29960543,29960563,29960599,29960633,
(1855550) | 29960641,29960657,29960669,29960677,29960717,29960737,29960747,29960767,29960797,29960813,29960837,29960839,29960893,29960897,29960921,29960923,29960977,29960989,29960999,29961007,
(1855570) | 29961011,29961013,29961017,29961023,29961079,29961103,29961109,29961131,29961149,29961163,29961167,29961181,29961229,29961251,29961289,29961313,29961329,29961343,29961389,29961397,
(1855590) | 29961401,29961443,29961467,29961511,29961539,29961541,29961551,29961559,29961623,29961641,29961647,29961649,29961671,29961683,29961719,29961721,29961731,29961733,29961739,29961809,
(1855610) | 29961817,29961821,29961829,29961859,29961881,29961913,29961941,29961949,29961961,29961991,29962001,29962003,29962019,29962061,29962067,29962073,29962081,29962091,29962129,29962139,
(1855630) | 29962159,29962181,29962217,29962223,29962237,29962343,29962363,29962367,29962379,29962393,29962397,29962403,29962417,29962441,29962447,29962463,29962507,29962519,29962549,29962553,
(1855650) | 29962571,29962577,29962591,29962613,29962627,29962643,29962661,29962663,29962679,29962693,29962703,29962733,29962747,29962811,29962831,29962837,29962847,29962871,29962879,29962897,
(1855670) | 29962903,29962909,29962913,29962927,29962937,29962969,29963023,29963039,29963051,29963053,29963071,29963077,29963093,29963107,29963123,29963159,29963161,29963173,29963183,29963189,
(1855690) | 29963233,29963243,29963279,29963321,29963359,29963369,29963387,29963431,29963447,29963449,29963459,29963471,29963473,29963501,29963509,29963519,29963533,29963543,29963573,29963597,
(1855710) | 29963611,29963621,29963623,29963651,29963663,29963693,29963711,29963729,29963737,29963753,29963767,29963789,29963827,29963839,29963849,29963861,29963867,29963891,29963903,29963909,
(1855730) | 29963939,29963977,29963981,29964001,29964019,29964031,29964041,29964061,29964107,29964131,29964139,29964157,29964161,29964167,29964203,29964241,29964247,29964293,29964299,29964301,
(1855750) | 29964313,29964371,29964373,29964391,29964397,29964409,29964419,29964433,29964461,29964479,29964527,29964533,29964553,29964587,29964617,29964619,29964637,29964661,29964673,29964677,
(1855770) | 29964689,29964703,29964707,29964749,29964751,29964757,29964763,29964793,29964797,29964799,29964833,29964839,29964841,29964871,29964887,29964901,29964923,29964947,29964953,29964971,
(1855790) | 29964989,29965007,29965027,29965031,29965043,29965049,29965057,29965063,29965121,29965123,29965151,29965211,29965231,29965249,29965267,29965277,29965289,29965307,29965319,29965357,
(1855810) | 29965361,29965363,29965379,29965391,29965393,29965399,29965421,29965423,29965427,29965433,29965447,29965469,29965471,29965477,29965487,29965493,29965501,29965519,29965541,29965571,
(1855830) | 29965591,29965601,29965627,29965633,29965643,29965657,29965667,29965669,29965673,29965709,29965721,29965751,29965753,29965801,29965807,29965813,29965841,29965847,29965861,29965877,
(1855850) | 29965889,29965891,29965913,29965927,29965937,29965939,29965973,29965981,29965997,29966011,29966023,29966029,29966063,29966081,29966093,29966107,29966129,29966143,29966149,29966161,
(1855870) | 29966177,29966207,29966231,29966239,29966269,29966273,29966317,29966323,29966333,29966347,29966351,29966369,29966407,29966413,29966437,29966441,29966467,29966471,29966479,29966507,
(1855890) | 29966533,29966543,29966551,29966581,29966609,29966611,29966623,29966627,29966641,29966653,29966659,29966669,29966689,29966701,29966759,29966771,29966779,29966791,29966803,29966837,
(1855910) | 29966843,29966851,29966879,29966897,29966939,29966977,29967013,29967017,29967019,29967037,29967053,29967071,29967079,29967089,29967097,29967109,29967139,29967143,29967181,29967227,
(1855930) | 29967241,29967271,29967281,29967283,29967317,29967331,29967337,29967347,29967349,29967397,29967401,29967403,29967437,29967439,29967461,29967463,29967491,29967499,29967533,29967547,
(1855950) | 29967569,29967571,29967589,29967593,29967599,29967601,29967629,29967661,29967703,29967727,29967733,29967739,29967767,29967779,29967803,29967823,29967829,29967851,29967853,29967863,
(1855970) | 29967869,29967871,29967901,29967911,29967937,29967941,29967943,29968009,29968031,29968051,29968067,29968069,29968079,29968087,29968117,29968123,29968153,29968163,29968181,29968193,
(1855990) | 29968199,29968207,29968217,29968219,29968259,29968273,29968277,29968321,29968327,29968343,29968381,29968387,29968429,29968439,29968447,29968457,29968459,29968487,29968531,29968573,
(1856010) | 29968577,29968579,29968597,29968607,29968633,29968649,29968669,29968709,29968711,29968753,29968781,29968801,29968837,29968849,29968859,29968867,29968877,29968879,29968889,29968891,
(1856030) | 29968921,29968933,29968937,29968951,29968969,29968973,29968987,29968993,29968997,29969003,29969039,29969041,29969047,29969057,29969063,29969083,29969087,29969111,29969123,29969129,
(1856050) | 29969131,29969141,29969143,29969153,29969183,29969231,29969257,29969273,29969279,29969287,29969293,29969339,29969341,29969369,29969399,29969449,29969477,29969491,29969543,29969549,
(1856070) | 29969551,29969561,29969567,29969579,29969609,29969617,29969633,29969663,29969671,29969701,29969717,29969743,29969749,29969761,29969801,29969833,29969869,29969899,29969911,29969923,
(1856090) | 29969939,29969941,29969969,29969977,29969981,29969999,29970007,29970019,29970029,29970041,29970047,29970089,29970103,29970107,29970119,29970121,29970169,29970181,29970191,29970197,
(1856110) | 29970203,29970209,29970217,29970247,29970263,29970271,29970299,29970319,29970323,29970341,29970377,29970389,29970419,29970431,29970433,29970487,29970491,29970497,29970503,29970509,
(1856130) | 29970529,29970533,29970547,29970571,29970623,29970637,29970649,29970653,29970667,29970671,29970673,29970683,29970697,29970701,29970727,29970751,29970757,29970767,29970781,29970797,
(1856150) | 29970803,29970821,29970823,29970827,29970887,29970901,29970907,29970911,29970929,29970931,29970943,29971003,29971009,29971013,29971027,29971033,29971049,29971061,29971063,29971087,
(1856170) | 29971091,29971121,29971133,29971169,29971171,29971211,29971213,29971229,29971241,29971243,29971259,29971267,29971339,29971343,29971349,29971363,29971393,29971397,29971433,29971453,
(1856190) | 29971463,29971481,29971511,29971519,29971523,29971541,29971547,29971577,29971651,29971687,29971693,29971709,29971717,29971751,29971757,29971763,29971807,29971831,29971841,29971891,
(1856210) | 29971897,29971919,29971927,29971937,29971957,29971973,29972021,29972023,29972027,29972069,29972087,29972093,29972099,29972119,29972123,29972143,29972147,29972149,29972179,29972191,
(1856230) | 29972203,29972209,29972221,29972227,29972251,29972281,29972311,29972317,29972351,29972359,29972389,29972477,29972483,29972491,29972497,29972539,29972543,29972561,29972587,29972597,
(1856250) | 29972623,29972639,29972647,29972687,29972729,29972731,29972737,29972741,29972743,29972759,29972771,29972773,29972791,29972801,29972809,29972827,29972843,29972857,29972867,29972869,
(1856270) | 29972879,29972881,29972893,29972941,29972951,29972977,29973011,29973019,29973029,29973059,29973061,29973113,29973133,29973149,29973157,29973179,29973199,29973233,29973253,29973277,
(1856290) | 29973283,29973299,29973319,29973323,29973343,29973403,29973421,29973457,29973481,29973487,29973491,29973511,29973521,29973527,29973529,29973539,29973551,29973599,29973611,29973613,
(1856310) | 29973637,29973641,29973649,29973677,29973701,29973719,29973731,29973743,29973751,29973763,29973787,29973793,29973809,29973817,29973833,29973851,29973859,29973877,29973901,29973917,
(1856330) | 29973919,29973929,29973949,29973961,29973971,29974031,29974057,29974069,29974103,29974121,29974123,29974127,29974187,29974199,29974201,29974211,29974223,29974249,29974253,29974271,
(1856350) | 29974277,29974279,29974291,29974319,29974331,29974333,29974337,29974361,29974387,29974411,29974421,29974423,29974433,29974463,29974471,29974513,29974517,29974523,29974531,29974583,
(1856370) | 29974591,29974631,29974643,29974687,29974717,29974739,29974753,29974759,29974771,29974781,29974787,29974793,29974817,29974823,29974829,29974831,29974853,29974877,29974883,29974897,
(1856390) | 29974909,29974943,29974969,29974981,29975017,29975081,29975089,29975093,29975117,29975129,29975147,29975149,29975159,29975167,29975177,29975213,29975219,29975221,29975227,29975243,
(1856410) | 29975249,29975251,29975287,29975303,29975317,29975321,29975347,29975377,29975381,29975383,29975389,29975401,29975411,29975431,29975441,29975447,29975453,29975497,29975501,29975507,
(1856430) | 29975579,29975593,29975611,29975639,29975653,29975657,29975663,29975677,29975713,29975719,29975747,29975753,29975761,29975779,29975807,29975833,29975843,29975857,29975873,29975887,
(1856450) | 29975893,29975909,29975921,29975929,29975941,29975971,29975983,29975993,29976013,29976029,29976047,29976059,29976073,29976103,29976119,29976131,29976139,29976161,29976173,29976211,
(1856470) | 29976241,29976257,29976259,29976277,29976283,29976293,29976361,29976409,29976421,29976439,29976449,29976451,29976467,29976469,29976493,29976533,29976563,29976577,29976581,29976607,
(1856490) | 29976619,29976637,29976643,29976673,29976689,29976701,29976703,29976707,29976731,29976733,29976757,29976761,29976767,29976769,29976809,29976823,29976827,29976829,29976871,29976887,
(1856510) | 29976893,29976911,29976931,29976937,29976971,29976997,29977007,29977009,29977019,29977033,29977043,29977049,29977099,29977121,29977127,29977139,29977147,29977151,29977163,29977177,
(1856530) | 29977187,29977201,29977219,29977237,29977243,29977253,29977301,29977313,29977319,29977327,29977331,29977333,29977373,29977397,29977411,29977427,29977433,29977463,29977481,29977513,
(1856550) | 29977517,29977543,29977583,29977621,29977627,29977631,29977639,29977643,29977679,29977693,29977697,29977699,29977729,29977769,29977789,29977799,29977811,29977813,29977823,29977853,
(1856570) | 29977873,29977891,29977897,29977903,29977931,29977933,29977949,29977979,29977999,29978017,29978027,29978033,29978041,29978059,29978063,29978087,29978101,29978119,29978129,29978159,
(1856590) | 29978183,29978213,29978233,29978239,29978261,29978281,29978287,29978321,29978323,29978357,29978363,29978393,29978441,29978461,29978513,29978537,29978539,29978563,29978567,29978587,
(1856610) | 29978593,29978603,29978609,29978617,29978639,29978737,29978759,29978791,29978813,29978863,29978873,29978887,29978899,29978909,29978911,29978933,29978951,29978981,29979029,29979043,
(1856630) | 29979073,29979119,29979133,29979137,29979181,29979193,29979197,29979199,29979203,29979221,29979227,29979277,29979289,29979311,29979317,29979331,29979349,29979377,29979379,29979401,
(1856650) | 29979403,29979409,29979431,29979437,29979461,29979463,29979479,29979491,29979497,29979529,29979539,29979559,29979563,29979571,29979601,29979613,29979617,29979637,29979647,29979709,
(1856670) | 29979727,29979737,29979769,29979773,29979797,29979799,29979809,29979811,29979827,29979839,29979889,29979893,29979899,29979907,29979919,29979941,29979949,29979977,29980003,29980057,
(1856690) | 29980103,29980127,29980183,29980187,29980189,29980199,29980217,29980241,29980243,29980253,29980259,29980261,29980277,29980373,29980387,29980409,29980411,29980543,29980583,29980591,
(1856710) | 29980607,29980631,29980633,29980637,29980649,29980667,29980681,29980721,29980747,29980757,29980781,29980801,29980823,29980837,29980859,29980871,29980883,29980897,29980901,29980903,
(1856730) | 29980913,29980919,29980921,29980939,29980969,29980997,29981033,29981059,29981071,29981087,29981131,29981153,29981207,29981239,29981243,29981249,29981257,29981267,29981269,29981299,
(1856750) | 29981323,29981339,29981377,29981407,29981423,29981429,29981437,29981453,29981473,29981513,29981521,29981531,29981533,29981569,29981587,29981593,29981597,29981599,29981603,29981641,
(1856770) | 29981657,29981663,29981669,29981671,29981711,29981713,29981717,29981759,29981767,29981773,29981807,29981813,29981821,29981873,29981891,29981893,29981977,29982023,29982059,29982061,
(1856790) | 29982079,29982091,29982103,29982109,29982119,29982131,29982151,29982163,29982187,29982191,29982221,29982229,29982233,29982257,29982269,29982289,29982307,29982319,29982347,29982353,
(1856810) | 29982367,29982431,29982451,29982461,29982473,29982479,29982493,29982497,29982517,29982527,29982529,29982539,29982559,29982581,29982599,29982613,29982619,29982647,29982649,29982677,
(1856830) | 29982727,29982751,29982769,29982787,29982793,29982829,29982833,29982847,29982857,29982863,29982871,29982877,29982899,29982919,29982929,29982937,29982941,29982959,29982971,29983021,
(1856850) | 29983043,29983097,29983111,29983117,29983123,29983127,29983141,29983157,29983183,29983201,29983207,29983211,29983241,29983243,29983249,29983253,29983271,29983277,29983279,29983297,
(1856870) | 29983309,29983337,29983339,29983351,29983399,29983439,29983441,29983451,29983453,29983469,29983483,29983487,29983493,29983507,29983511,29983519,29983537,29983549,29983553,29983571,
(1856890) | 29983589,29983601,29983607,29983619,29983627,29983633,29983693,29983721,29983747,29983763,29983777,29983783,29983813,29983817,29983819,29983823,29983831,29983847,29983853,29983871,
(1856910) | 29983969,29983981,29984027,29984051,29984063,29984069,29984077,29984083,29984089,29984117,29984131,29984137,29984153,29984159,29984177,29984179,29984183,29984257,29984263,29984281,
(1856930) | 29984321,29984323,29984327,29984363,29984369,29984377,29984389,29984401,29984417,29984429,29984431,29984477,29984519,29984557,29984561,29984587,29984599,29984609,29984621,29984629,
(1856950) | 29984659,29984671,29984749,29984761,29984771,29984783,29984789,29984797,29984809,29984813,29984819,29984833,29984839,29984863,29984873,29984881,29984887,29984917,29984951,29984953,
(1856970) | 29984963,29984971,29984987,29984989,29985023,29985037,29985041,29985047,29985049,29985073,29985083,29985089,29985139,29985143,29985149,29985167,29985181,29985187,29985191,29985199,
(1856990) | 29985203,29985209,29985239,29985253,29985259,29985271,29985299,29985323,29985349,29985377,29985413,29985427,29985437,29985457,29985479,29985481,29985517,29985521,29985523,29985539,
(1857010) | 29985541,29985547,29985563,29985581,29985619,29985647,29985679,29985689,29985691,29985701,29985733,29985763,29985811,29985821,29985829,29985833,29985853,29985871,29985877,29985881,
(1857030) | 29985889,29985899,29985911,29985919,29985931,29985937,29985941,29985973,29986003,29986013,29986027,29986039,29986063,29986067,29986091,29986111,29986133,29986153,29986163,29986171,
(1857050) | 29986183,29986189,29986213,29986223,29986241,29986247,29986277,29986279,29986301,29986321,29986343,29986349,29986357,29986373,29986409,29986417,29986433,29986447,29986507,29986511,
(1857070) | 29986513,29986543,29986547,29986559,29986571,29986577,29986631,29986633,29986639,29986651,29986673,29986709,29986727,29986751,29986753,29986757,29986763,29986777,29986819,29986823,
(1857090) | 29986849,29986903,29986919,29986967,29986973,29986981,29986991,29986993,29987011,29987047,29987053,29987059,29987077,29987093,29987107,29987117,29987119,29987129,29987141,29987161,
(1857110) | 29987171,29987179,29987183,29987213,29987227,29987233,29987291,29987311,29987329,29987357,29987401,29987407,29987413,29987429,29987431,29987437,29987449,29987467,29987483,29987497,
(1857130) | 29987513,29987521,29987527,29987533,29987549,29987557,29987579,29987593,29987611,29987623,29987669,29987701,29987717,29987731,29987759,29987767,29987777,29987801,29987807,29987821,
(1857150) | 29987831,29987843,29987849,29987857,29987861,29987869,29987873,29987887,29987897,29987911,29987917,29987921,29987939,29987941,29987957,29987959,29987963,29987977,29987981,29987987,
(1857170) | 29988029,29988031,29988037,29988041,29988073,29988083,29988131,29988143,29988169,29988173,29988193,29988263,29988311,29988367,29988373,29988379,29988401,29988419,29988433,29988437,
(1857190) | 29988457,29988499,29988503,29988509,29988551,29988557,29988599,29988613,29988643,29988653,29988659,29988677,29988683,29988701,29988733,29988787,29988793,29988809,29988839,29988853,
(1857210) | 29988857,29988863,29988869,29988887,29988899,29988923,29988943,29988947,29988967,29988971,29988977,29988989,29988991,29989009,29989013,29989019,29989027,29989109,29989187,29989213,
(1857230) | 29989237,29989249,29989259,29989273,29989301,29989303,29989313,29989319,29989331,29989357,29989367,29989381,29989387,29989397,29989403,29989417,29989423,29989441,29989457,29989489,
(1857250) | 29989511,29989517,29989541,29989549,29989579,29989591,29989601,29989633,29989637,29989681,29989697,29989703,29989747,29989753,29989763,29989811,29989823,29989837,29989849,29989859,
(1857270) | 29989867,29989871,29989873,29989879,29989889,29989913,29989951,29989987,29990011,29990021,29990029,29990033,29990039,29990047,29990083,29990099,29990111,29990119,29990123,29990131,
(1857290) | 29990167,29990179,29990243,29990251,29990269,29990291,29990293,29990327,29990351,29990353,29990377,29990381,29990383,29990449,29990453,29990489,29990497,29990503,29990537,29990561,
(1857310) | 29990573,29990579,29990581,29990591,29990593,29990599,29990603,29990621,29990647,29990659,29990677,29990707,29990713,29990717,29990767,29990783,29990791,29990801,29990867,29990881,
(1857330) | 29990887,29990903,29990927,29990929,29990957,29990963,29990993,29990999,29991001,29991019,29991037,29991097,29991109,29991113,29991119,29991161,29991173,29991193,29991197,29991211,
(1857350) | 29991289,29991301,29991317,29991337,29991343,29991359,29991361,29991371,29991391,29991413,29991419,29991427,29991433,29991439,29991457,29991461,29991503,29991509,29991523,29991547,
(1857370) | 29991551,29991631,29991641,29991649,29991659,29991667,29991691,29991737,29991743,29991761,29991803,29991817,29991827,29991833,29991851,29991877,29991889,29991917,29991919,29991943,
(1857390) | 29991979,29991991,29992009,29992019,29992037,29992043,29992049,29992087,29992093,29992099,29992111,29992129,29992139,29992147,29992153,29992189,29992201,29992211,29992213,29992217,
(1857410) | 29992229,29992247,29992273,29992307,29992309,29992327,29992343,29992367,29992373,29992397,29992399,29992411,29992427,29992441,29992463,29992517,29992537,29992597,29992609,29992619,
(1857430) | 29992637,29992643,29992649,29992661,29992679,29992727,29992747,29992763,29992769,29992793,29992847,29992867,29992883,29992889,29992891,29992901,29992939,29992957,29992993,29993009,
(1857450) | 29993011,29993023,29993057,29993069,29993087,29993107,29993111,29993137,29993147,29993149,29993167,29993233,29993237,29993239,29993261,29993297,29993333,29993339,29993371,29993407,
(1857470) | 29993413,29993429,29993441,29993471,29993503,29993521,29993549,29993563,29993573,29993617,29993641,29993657,29993669,29993671,29993683,29993731,29993749,29993753,29993759,29993779,
(1857490) | 29993807,29993827,29993867,29993881,29993897,29993903,29993921,29993941,29993963,29993969,29993981,29994017,29994023,29994031,29994061,29994073,29994077,29994079,29994089,29994101,
(1857510) | 29994109,29994199,29994203,29994229,29994233,29994241,29994253,29994257,29994259,29994269,29994271,29994287,29994301,29994311,29994337,29994353,29994373,29994389,29994397,29994403,
(1857530) | 29994421,29994431,29994451,29994467,29994499,29994509,29994539,29994557,29994563,29994571,29994581,29994593,29994617,29994637,29994667,29994689,29994721,29994773,29994781,29994793,
(1857550) | 29994803,29994823,29994841,29994847,29994871,29994893,29994907,29994929,29994941,29994959,29994971,29994973,29994983,29994997,29995001,29995003,29995033,29995039,29995051,29995057,
(1857570) | 29995109,29995111,29995117,29995153,29995159,29995169,29995171,29995177,29995181,29995183,29995211,29995219,29995223,29995237,29995247,29995249,29995261,29995267,29995279,29995331,
(1857590) | 29995349,29995369,29995387,29995391,29995393,29995451,29995457,29995487,29995489,29995513,29995517,29995523,29995529,29995543,29995561,29995573,29995577,29995579,29995597,29995607,
(1857610) | 29995621,29995649,29995709,29995711,29995717,29995727,29995733,29995751,29995787,29995793,29995799,29995843,29995853,29995859,29995873,29995891,29995981,29995991,29995993,29995997,
(1857630) | 29996017,29996027,29996093,29996107,29996111,29996147,29996149,29996171,29996191,29996207,29996243,29996299,29996311,29996321,29996333,29996341,29996371,29996419,29996423,29996429,
(1857650) | 29996441,29996467,29996479,29996501,29996507,29996509,29996513,29996539,29996557,29996563,29996581,29996597,29996609,29996627,29996633,29996647,29996657,29996683,29996693,29996711,
(1857670) | 29996717,29996723,29996731,29996737,29996777,29996779,29996803,29996819,29996821,29996833,29996849,29996851,29996873,29996893,29996903,29996917,29996921,29996983,29996987,29997013,
(1857690) | 29997043,29997073,29997091,29997131,29997133,29997137,29997179,29997217,29997239,29997263,29997271,29997293,29997301,29997323,29997329,29997337,29997349,29997353,29997389,29997403,
(1857710) | 29997413,29997419,29997427,29997433,29997437,29997439,29997481,29997521,29997533,29997577,29997613,29997623,29997631,29997647,29997661,29997679,29997683,29997689,29997701,29997719,
(1857730) | 29997733,29997761,29997767,29997791,29997829,29997839,29997871,29997881,29997899,29997907,29997917,29997949,29997953,29997973,29997983,29997991,29998057,29998061,29998063,29998069,
(1857750) | 29998099,29998121,29998181,29998237,29998247,29998259,29998271,29998273,29998301,29998303,29998307,29998337,29998343,29998351,29998363,29998393,29998403,29998411,29998439,29998447,
(1857770) | 29998457,29998459,29998469,29998471,29998481,29998537,29998541,29998559,29998567,29998571,29998603,29998613,29998621,29998667,29998681,29998687,29998691,29998721,29998723,29998747,
(1857790) | 29998769,29998783,29998799,29998819,29998873,29998879,29998889,29998909,29998937,29998949,29998951,29998961,29998973,29999063,29999069,29999083,29999087,29999201,29999239,29999261,
(1857810) | 29999273,29999293,29999297,29999327,29999329,29999363,29999399,29999401,29999443,29999447,29999467,29999477,29999479,29999503,29999507,29999513,29999531,29999533,29999549,29999551,
(1857830) | 29999561,29999573,29999581,29999591,29999597,29999647,29999663,29999693,29999699,29999707,29999729,29999737,29999773,29999777,29999791,29999819,29999831,29999839,29999873,29999881,
(1857850) | 29999887,29999899,29999903,29999923,29999927,29999941,29999947,29999989,29999999,30000001,30000023,30000037,30000041,30000049,30000059,30000071,30000079,30000083,30000109,30000133,
(1857870) | 30000137,30000149,30000163,30000167,30000169,30000193,30000199,30000247,30000251,30000277,30000287,30000293,30000301,30000307,30000317,30000319,30000323,30000331,30000337,30000353,
(1857890) | 30000367,30000401,30000419,30000431,30000457,30000473,30000493,30000511,30000521,30000571,30000583,30000589,30000611,30000637,30000647,30000683,30000689,30000721,30000749,30000757,
(1857910) | 30000769,30000781,30000793,30000797,30000811,30000827,30000853,30000871,30000967,30000977,30000989,30001003,30001009,30001031,30001063,30001067,30001093,30001123,30001151,30001157,
(1857930) | 30001201,30001241,30001249,30001253,30001267,30001297,30001303,30001331,30001333,30001351,30001373,30001403,30001427,30001451,30001469,30001483,30001501,30001523,30001529,30001537,
(1857950) | 30001541,30001553,30001567,30001571,30001603,30001607,30001619,30001639,30001669,30001693,30001733,30001739,30001771,30001781,30001789,30001793,30001799,30001819,30001841,30001843,
(1857970) | 30001847,30001871,30001877,30001891,30001901,30001919,30001981,30001999,30002009,30002023,30002029,30002033,30002047,30002069,30002087,30002107,30002111,30002117,30002123,30002207,
(1857990) | 30002233,30002239,30002249,30002279,30002299,30002303,30002333,30002351,30002381,30002393,30002411,30002431,30002461,30002473,30002477,30002527,30002549,30002551,30002627,30002639,
(1858010) | 30002647,30002659,30002663,30002669,30002677,30002689,30002737,30002747,30002759,30002771,30002809,30002821,30002867,30002887,30002891,30002899,30002933,30002963,30002983,30002989,
(1858030) | 30002993,30003019,30003037,30003049,30003059,30003091,30003097,30003101,30003107,30003119,30003143,30003157,30003187,30003209,30003227,30003269,30003301,30003341,30003359,30003397,
(1858050) | 30003401,30003427,30003433,30003439,30003469,30003473,30003481,30003503,30003509,30003517,30003529,30003539,30003541,30003553,30003557,30003581,30003593,30003599,30003607,30003653,
(1858070) | 30003689,30003697,30003709,30003731,30003761,30003773,30003791,30003811,30003817,30003823,30003833,30003839,30003863,30003871,30003881,30003917,30003931,30003971,30004027,30004033,
(1858090) | 30004043,30004057,30004147,30004193,30004199,30004207,30004223,30004231,30004243,30004291,30004301,30004313,30004319,30004327,30004339,30004343,30004349,30004361,30004369,30004379,
(1858110) | 30004393,30004399,30004421,30004423,30004433,30004441,30004451,30004459,30004463,30004483,30004487,30004501,30004523,30004537,30004561,30004571,30004607,30004613,30004631,30004651,
(1858130) | 30004687,30004691,30004693,30004699,30004717,30004729,30004739,30004747,30004759,30004771,30004789,30004823,30004829,30004831,30004853,30004859,30004867,30004889,30004921,30004939,
(1858150) | 30004951,30004967,30004991,30005011,30005023,30005029,30005083,30005089,30005137,30005141,30005149,30005159,30005167,30005189,30005191,30005197,30005231,30005243,30005257,30005273,
(1858170) | 30005279,30005291,30005299,30005309,30005321,30005359,30005377,30005387,30005429,30005431,30005441,30005447,30005477,30005491,30005519,30005533,30005537,30005567,30005581,30005597,
(1858190) | 30005609,30005621,30005623,30005659,30005671,30005699,30005713,30005741,30005743,30005753,30005797,30005803,30005819,30005821,30005849,30005863,30005879,30005887,30005893,30005917,
(1858210) | 30005957,30005977,30006013,30006019,30006049,30006061,30006103,30006113,30006157,30006167,30006199,30006203,30006209,30006227,30006259,30006299,30006337,30006341,30006349,30006391,
(1858230) | 30006401,30006407,30006413,30006433,30006437,30006443,30006463,30006469,30006497,30006499,30006511,30006523,30006527,30006583,30006589,30006607,30006623,30006637,30006653,30006661,
(1858250) | 30006679,30006701,30006703,30006737,30006749,30006763,30006827,30006829,30006841,30006857,30006859,30006863,30006877,30006883,30006913,30006917,30006919,30006923,30006931,30006941,
(1858270) | 30006971,30006979,30007001,30007013,30007049,30007067,30007069,30007127,30007129,30007171,30007183,30007189,30007207,30007217,30007267,30007273,30007277,30007279,30007283,30007297,
(1858290) | 30007319,30007321,30007331,30007343,30007361,30007379,30007399,30007423,30007469,30007501,30007553,30007583,30007603,30007609,30007619,30007639,30007651,30007657,30007661,30007673,
(1858310) | 30007693,30007697,30007717,30007723,30007751,30007753,30007781,30007793,30007799,30007841,30007843,30007867,30007871,30007877,30007883,30007889,30007909,30007919,30007927,30007933,
(1858330) | 30007951,30007961,30007979,30007981,30007993,30008003,30008021,30008047,30008053,30008089,30008113,30008117,30008119,30008141,30008149,30008159,30008191,30008203,30008227,30008233,
(1858350) | 30008267,30008273,30008299,30008317,30008323,30008333,30008339,30008347,30008357,30008411,30008437,30008479,30008497,30008551,30008593,30008609,30008623,30008659,30008663,30008677,
(1858370) | 30008773,30008801,30008819,30008821,30008827,30008851,30008857,30008863,30008873,30008879,30008897,30008917,30008921,30008929,30008933,30008941,30008959,30008963,30008977,30008989,
(1858390) | 30009061,30009101,30009107,30009121,30009143,30009149,30009163,30009167,30009179,30009197,30009241,30009269,30009277,30009281,30009283,30009293,30009307,30009311,30009337,30009373,
(1858410) | 30009389,30009401,30009407,30009409,30009443,30009449,30009467,30009481,30009517,30009521,30009527,30009533,30009559,30009593,30009613,30009631,30009649,30009653,30009659,30009689,
(1858430) | 30009731,30009737,30009761,30009773,30009787,30009799,30009803,30009817,30009823,30009839,30009841,30009851,30009853,30009857,30009869,30009877,30009883,30009893,30009899,30009901,
(1858450) | 30009907,30009919,30009979,30010021,30010033,30010039,30010069,30010091,30010103,30010159,30010163,30010199,30010213,30010229,30010241,30010297,30010301,30010303,30010307,30010327,
(1858470) | 30010333,30010339,30010363,30010381,30010399,30010403,30010417,30010451,30010471,30010507,30010523,30010529,30010553,30010571,30010577,30010579,30010583,30010601,30010609,30010619,
(1858490) | 30010657,30010681,30010693,30010703,30010723,30010727,30010751,30010781,30010789,30010807,30010817,30010847,30010867,30010901,30010907,30010909,30010913,30010931,30010973,30010997,
(1858510) | 30011029,30011041,30011053,30011063,30011077,30011101,30011123,30011129,30011141,30011147,30011153,30011161,30011269,30011281,30011299,30011321,30011347,30011363,30011369,30011381,
(1858530) | 30011407,30011417,30011447,30011453,30011459,30011461,30011483,30011533,30011537,30011539,30011543,30011567,30011581,30011587,30011591,30011593,30011599,30011603,30011617,30011633,
(1858550) | 30011651,30011669,30011671,30011701,30011731,30011741,30011743,30011747,30011759,30011767,30011801,30011809,30011837,30011843,30011881,30011909,30011911,30011977,30011981,30011983,
(1858570) | 30012019,30012029,30012107,30012139,30012149,30012163,30012173,30012211,30012223,30012239,30012289,30012299,30012379,30012383,30012391,30012397,30012431,30012443,30012473,30012487,
(1858590) | 30012503,30012523,30012527,30012553,30012569,30012589,30012611,30012613,30012617,30012637,30012643,30012659,30012683,30012707,30012713,30012721,30012733,30012737,30012757,30012781,
(1858610) | 30012791,30012797,30012817,30012821,30012833,30012841,30012859,30012881,30012889,30012919,30012947,30012949,30012959,30012971,30012977,30013003,30013033,30013051,30013063,30013111,
(1858630) | 30013117,30013121,30013129,30013133,30013153,30013163,30013169,30013171,30013187,30013199,30013201,30013283,30013303,30013309,30013337,30013349,30013351,30013391,30013397,30013411,
(1858650) | 30013433,30013447,30013457,30013469,30013471,30013493,30013499,30013513,30013523,30013553,30013561,30013573,30013603,30013609,30013639,30013657,30013663,30013667,30013723,30013727,
(1858670) | 30013729,30013747,30013751,30013757,30013799,30013801,30013807,30013843,30013849,30013861,30013903,30013909,30013933,30013967,30013979,30013981,30013999,30014003,30014021,30014029,
(1858690) | 30014051,30014071,30014077,30014081,30014099,30014111,30014123,30014143,30014189,30014207,30014209,30014219,30014221,30014251,30014267,30014279,30014317,30014323,30014359,30014393,
(1858710) | 30014399,30014407,30014423,30014429,30014431,30014443,30014497,30014519,30014521,30014527,30014533,30014591,30014599,30014617,30014651,30014653,30014669,30014683,30014689,30014693,
(1858730) | 30014729,30014759,30014767,30014771,30014779,30014783,30014819,30014821,30014833,30014837,30014849,30014857,30014879,30014909,30014917,30014923,30014951,30014953,30014969,30014987,
(1858750) | 30015019,30015031,30015043,30015067,30015091,30015101,30015109,30015133,30015137,30015143,30015151,30015163,30015169,30015229,30015241,30015277,30015311,30015317,30015329,30015341,
(1858770) | 30015343,30015361,30015379,30015407,30015449,30015451,30015457,30015481,30015499,30015527,30015541,30015569,30015571,30015589,30015593,30015607,30015613,30015619,30015647,30015653,
(1858790) | 30015691,30015701,30015703,30015707,30015709,30015737,30015749,30015787,30015793,30015803,30015809,30015823,30015833,30015857,30015859,30015893,30015907,30015911,30015913,30015919,
(1858810) | 30015949,30016001,30016009,30016027,30016043,30016061,30016097,30016109,30016111,30016121,30016159,30016177,30016183,30016187,30016211,30016241,30016267,30016297,30016307,30016313,
(1858830) | 30016319,30016321,30016367,30016381,30016411,30016417,30016439,30016487,30016501,30016513,30016517,30016531,30016559,30016579,30016589,30016607,30016621,30016627,30016631,30016639,
(1858850) | 30016643,30016661,30016669,30016681,30016687,30016699,30016703,30016717,30016733,30016739,30016759,30016783,30016793,30016799,30016801,30016813,30016823,30016843,30016853,30016873,
(1858870) | 30016901,30016949,30016957,30016963,30016969,30016993,30016999,30017003,30017011,30017023,30017069,30017107,30017123,30017129,30017147,30017159,30017173,30017177,30017191,30017203,
(1858890) | 30017213,30017227,30017243,30017333,30017353,30017357,30017363,30017387,30017399,30017413,30017417,30017423,30017431,30017437,30017447,30017479,30017497,30017501,30017509,30017513,
(1858910) | 30017573,30017621,30017627,30017629,30017633,30017651,30017671,30017707,30017723,30017747,30017753,30017759,30017761,30017773,30017789,30017791,30017797,30017803,30017821,30017833,
(1858930) | 30017849,30017851,30017861,30017873,30017881,30017893,30017927,30017941,30017957,30017959,30017969,30017983,30018017,30018047,30018049,30018091,30018097,30018127,30018167,30018169,
(1858950) | 30018173,30018181,30018203,30018227,30018239,30018251,30018259,30018281,30018349,30018367,30018377,30018397,30018407,30018409,30018419,30018431,30018449,30018463,30018487,30018523,
(1858970) | 30018539,30018577,30018607,30018619,30018647,30018679,30018731,30018739,30018761,30018817,30018823,30018827,30018869,30018883,30018907,30018931,30018971,30018977,30018997,30019001,
(1858990) | 30019007,30019039,30019049,30019051,30019061,30019079,30019081,30019091,30019103,30019111,30019123,30019139,30019153,30019159,30019169,30019177,30019193,30019207,30019211,30019217,
(1859010) | 30019219,30019267,30019271,30019307,30019313,30019337,30019343,30019387,30019471,30019481,30019489,30019513,30019529,30019537,30019541,30019589,30019597,30019621,30019651,30019663,
(1859030) | 30019673,30019681,30019697,30019709,30019711,30019721,30019733,30019757,30019771,30019823,30019861,30019877,30019883,30019903,30019931,30019961,30019963,30020041,30020047,30020051,
(1859050) | 30020119,30020173,30020189,30020213,30020227,30020251,30020257,30020261,30020273,30020293,30020299,30020327,30020329,30020377,30020381,30020383,30020401,30020411,30020413,30020467,
(1859070) | 30020491,30020503,30020509,30020527,30020561,30020563,30020581,30020591,30020603,30020611,30020621,30020659,30020663,30020677,30020693,30020699,30020701,30020719,30020729,30020761,
(1859090) | 30020789,30020791,30020797,30020813,30020831,30020833,30020867,30020873,30020933,30020951,30020953,30020959,30020987,30020999,30021011,30021037,30021041,30021053,30021059,30021067,
(1859110) | 30021071,30021077,30021091,30021137,30021151,30021157,30021163,30021179,30021193,30021217,30021227,30021241,30021247,30021259,30021263,30021283,30021289,30021317,30021347,30021377,
(1859130) | 30021437,30021451,30021457,30021461,30021491,30021493,30021499,30021517,30021521,30021529,30021581,30021617,30021623,30021631,30021661,30021679,30021683,30021707,30021709,30021731,
(1859150) | 30021749,30021773,30021781,30021787,30021793,30021809,30021833,30021839,30021841,30021889,30021899,30021941,30021977,30022007,30022067,30022073,30022081,30022087,30022117,30022121,
(1859170) | 30022123,30022141,30022169,30022171,30022177,30022183,30022189,30022253,30022259,30022271,30022277,30022301,30022379,30022387,30022393,30022403,30022411,30022427,30022439,30022441,
(1859190) | 30022507,30022513,30022523,30022549,30022571,30022579,30022583,30022649,30022667,30022669,30022687,30022691,30022703,30022709,30022721,30022723,30022739,30022747,30022757,30022763,
(1859210) | 30022781,30022789,30022813,30022819,30022823,30022829,30022841,30022871,30022897,30022903,30022913,30022943,30022961,30022991,30022999,30023017,30023039,30023047,30023051,30023087,
(1859230) | 30023089,30023107,30023137,30023167,30023197,30023209,30023219,30023251,30023261,30023293,30023297,30023299,30023311,30023321,30023327,30023347,30023369,30023431,30023443,30023447,
(1859250) | 30023449,30023453,30023467,30023473,30023489,30023501,30023509,30023519,30023549,30023551,30023561,30023569,30023597,30023621,30023627,30023633,30023639,30023657,30023663,30023711,
(1859270) | 30023797,30023831,30023869,30023911,30023923,30023953,30023963,30023969,30023999,30024011,30024083,30024101,30024103,30024109,30024133,30024143,30024167,30024173,30024221,30024233,
(1859290) | 30024263,30024271,30024289,30024299,30024301,30024311,30024317,30024349,30024359,30024391,30024403,30024433,30024473,30024479,30024481,30024517,30024529,30024557,30024559,30024571,
(1859310) | 30024583,30024593,30024611,30024619,30024623,30024691,30024697,30024733,30024767,30024779,30024811,30024847,30024851,30024857,30024881,30024887,30024899,30024901,30024931,30024937,
(1859330) | 30024961,30024979,30024983,30025007,30025013,30025027,30025033,30025049,30025067,30025103,30025123,30025133,30025147,30025153,30025181,30025183,30025199,30025207,30025217,30025231,
(1859350) | 30025271,30025279,30025291,30025297,30025367,30025379,30025393,30025397,30025399,30025409,30025423,30025439,30025483,30025487,30025493,30025531,30025559,30025607,30025657,30025661,
(1859370) | 30025673,30025679,30025691,30025727,30025733,30025747,30025753,30025769,30025771,30025781,30025789,30025799,30025811,30025819,30025843,30025861,30025883,30025901,30025913,30025939,
(1859390) | 30025943,30025967,30025973,30025979,30025993,30025999,30026027,30026039,30026047,30026057,30026069,30026071,30026111,30026119,30026147,30026167,30026173,30026177,30026179,30026207,
(1859410) | 30026219,30026231,30026237,30026239,30026261,30026263,30026273,30026291,30026299,30026303,30026323,30026357,30026387,30026389,30026413,30026417,30026443,30026449,30026459,30026489,
(1859430) | 30026509,30026527,30026551,30026597,30026603,30026609,30026611,30026621,30026627,30026639,30026651,30026657,30026671,30026677,30026683,30026761,30026807,30026813,30026833,30026837,
(1859450) | 30026863,30026881,30026917,30026923,30026957,30026963,30026989,30027001,30027007,30027013,30027059,30027061,30027103,30027131,30027139,30027157,30027169,30027227,30027269,30027307,
(1859470) | 30027317,30027329,30027337,30027359,30027419,30027421,30027449,30027451,30027463,30027469,30027479,30027493,30027509,30027511,30027527,30027541,30027551,30027563,30027587,30027589,
(1859490) | 30027607,30027617,30027629,30027649,30027659,30027713,30027727,30027737,30027749,30027761,30027779,30027793,30027827,30027853,30027863,30027887,30027901,30027911,30027913,30027929,
(1859510) | 30027931,30027937,30027947,30027973,30028003,30028027,30028091,30028111,30028123,30028153,30028177,30028211,30028217,30028223,30028231,30028237,30028249,30028259,30028267,30028279,
(1859530) | 30028289,30028337,30028343,30028351,30028357,30028399,30028403,30028433,30028457,30028483,30028489,30028499,30028573,30028589,30028627,30028633,30028637,30028657,30028673,30028679,
(1859550) | 30028711,30028727,30028729,30028763,30028781,30028813,30028837,30028853,30028871,30028903,30028913,30028937,30028939,30028951,30028963,30028967,30028979,30029009,30029011,30029029,
(1859570) | 30029039,30029047,30029071,30029081,30029107,30029113,30029117,30029119,30029137,30029147,30029161,30029201,30029203,30029213,30029269,30029281,30029303,30029369,30029371,30029387,
(1859590) | 30029393,30029399,30029423,30029431,30029453,30029479,30029491,30029537,30029543,30029561,30029563,30029567,30029581,30029611,30029617,30029621,30029647,30029677,30029683,30029693,
(1859610) | 30029711,30029719,30029737,30029749,30029759,30029767,30029771,30029777,30029801,30029807,30029887,30029893,30029897,30029911,30029941,30029963,30029969,30030023,30030031,30030037,
(1859630) | 30030043,30030061,30030067,30030071,30030073,30030079,30030101,30030131,30030151,30030173,30030179,30030181,30030269,30030307,30030311,30030331,30030337,30030359,30030367,30030379,
(1859650) | 30030389,30030397,30030419,30030437,30030439,30030461,30030487,30030499,30030523,30030557,30030563,30030593,30030613,30030629,30030677,30030683,30030691,30030703,30030713,30030719,
(1859670) | 30030733,30030757,30030761,30030779,30030809,30030821,30030829,30030839,30030853,30030859,30030881,30030883,30030907,30030919,30030929,30030937,30030943,30030953,30030967,30030991,
(1859690) | 30031021,30031049,30031063,30031201,30031207,30031217,30031223,30031237,30031247,30031249,30031259,30031273,30031277,30031301,30031303,30031319,30031321,30031363,30031373,30031387,
(1859710) | 30031403,30031423,30031439,30031447,30031453,30031481,30031487,30031489,30031493,30031511,30031513,30031517,30031523,30031567,30031577,30031579,30031597,30031601,30031627,30031657,
(1859730) | 30031667,30031669,30031681,30031691,30031693,30031697,30031699,30031709,30031711,30031717,30031763,30031801,30031811,30031831,30031847,30031861,30031871,30031891,30031921,30031927,
(1859750) | 30031933,30031987,30032021,30032029,30032033,30032039,30032053,30032099,30032113,30032129,30032137,30032153,30032159,30032161,30032173,30032203,30032209,30032237,30032269,30032279,
(1859770) | 30032297,30032309,30032323,30032329,30032341,30032347,30032351,30032363,30032381,30032383,30032393,30032413,30032417,30032423,30032467,30032473,30032543,30032551,30032573,30032581,
(1859790) | 30032647,30032657,30032699,30032701,30032713,30032731,30032741,30032747,30032753,30032771,30032813,30032837,30032839,30032861,30032909,30032911,30032921,30032941,30032957,30032983,
(1859810) | 30033007,30033019,30033023,30033037,30033041,30033061,30033083,30033089,30033119,30033131,30033151,30033229,30033247,30033251,30033257,30033287,30033323,30033347,30033359,30033391,
(1859830) | 30033397,30033401,30033403,30033439,30033449,30033481,30033539,30033541,30033569,30033571,30033643,30033649,30033659,30033691,30033701,30033721,30033743,30033767,30033769,30033793,
(1859850) | 30033797,30033833,30033859,30033901,30033911,30033953,30033959,30033961,30033967,30033989,30034007,30034027,30034031,30034057,30034063,30034073,30034091,30034153,30034163,30034183,
(1859870) | 30034201,30034211,30034219,30034229,30034243,30034261,30034271,30034273,30034283,30034313,30034331,30034351,30034369,30034379,30034391,30034397,30034439,30034441,30034447,30034453,
(1859890) | 30034469,30034489,30034493,30034513,30034519,30034523,30034549,30034553,30034577,30034601,30034603,30034607,30034651,30034663,30034709,30034723,30034727,30034811,30034813,30034831,
(1859910) | 30034843,30034847,30034859,30034883,30034889,30034909,30034933,30034951,30034993,30034999,30035003,30035011,30035023,30035041,30035053,30035069,30035081,30035087,30035101,30035149,
(1859930) | 30035183,30035191,30035197,30035207,30035227,30035233,30035237,30035267,30035281,30035297,30035347,30035351,30035353,30035359,30035381,30035393,30035399,30035407,30035417,30035419,
(1859950) | 30035429,30035431,30035437,30035441,30035461,30035477,30035479,30035501,30035519,30035557,30035573,30035587,30035591,30035609,30035611,30035633,30035659,30035669,30035671,30035689,
(1859970) | 30035717,30035767,30035783,30035833,30035839,30035891,30035917,30035921,30035927,30035939,30035947,30035969,30035981,30035983,30036023,30036029,30036079,30036101,30036109,30036113,
(1859990) | 30036121,30036157,30036163,30036211,30036221,30036233,30036239,30036269,30036277,30036287,30036299,30036311,30036323,30036329,30036401,30036421,30036443,30036449,30036493,30036497,
(1860010) | 30036527,30036533,30036557,30036577,30036647,30036673,30036683,30036697,30036709,30036749,30036751,30036791,30036817,30036823,30036829,30036847,30036857,30036863,30036871,30036893,
(1860030) | 30036899,30036907,30036911,30036913,30036917,30036931,30036947,30036961,30036991,30036997,30037001,30037013,30037019,30037027,30037067,30037093,30037099,30037141,30037153,30037199,
(1860050) | 30037207,30037211,30037219,30037279,30037289,30037291,30037363,30037367,30037391,30037433,30037439,30037489,30037523,30037561,30037573,30037577,30037583,30037619,30037621,30037627,
(1860070) | 30037633,30037687,30037723,30037741,30037751,30037753,30037769,30037771,30037807,30037837,30037859,30037867,30037883,30037897,30037937,30037957,30037961,30037979,30037981,30037991,
(1860090) | 30038011,30038017,30038027,30038033,30038077,30038083,30038093,30038119,30038143,30038147,30038179,30038189,30038231,30038233,30038243,30038263,30038321,30038341,30038347,30038353,
(1860110) | 30038357,30038369,30038377,30038383,30038387,30038389,30038399,30038419,30038429,30038497,30038513,30038521,30038531,30038537,30038539,30038573,30038599,30038623,30038627,30038633,
(1860130) | 30038641,30038663,30038681,30038689,30038699,30038719,30038731,30038737,30038741,30038797,30038803,30038807,30038821,30038837,30038849,30038891,30038917,30038947,30038959,30038999,
(1860150) | 30039001,30039007,30039043,30039047,30039049,30039103,30039131,30039199,30039203,30039223,30039257,30039259,30039293,30039307,30039313,30039337,30039349,30039371,30039377,30039379,
(1860170) | 30039397,30039421,30039431,30039463,30039467,30039469,30039491,30039509,30039539,30039557,30039571,30039577,30039617,30039619,30039623,30039631,30039649,30039677,30039683,30039689,
(1860190) | 30039701,30039733,30039749,30039767,30039769,30039773,30039797,30039803,30039851,30039869,30039883,30039913,30039943,30039973,30039983,30040009,30040013,30040057,30040063,30040067,
(1860210) | 30040069,30040099,30040103,30040111,30040117,30040133,30040141,30040151,30040169,30040177,30040181,30040193,30040211,30040217,30040229,30040237,30040253,30040261,30040267,30040363,
(1860230) | 30040397,30040399,30040403,30040427,30040429,30040441,30040469,30040471,30040477,30040481,30040511,30040523,30040529,30040561,30040579,30040601,30040603,30040631,30040639,30040651,
(1860250) | 30040657,30040679,30040687,30040697,30040721,30040757,30040763,30040799,30040807,30040811,30040817,30040837,30040847,30040859,30040889,30040903,30040909,30040939,30040951,30040963,
(1860270) | 30040973,30040979,30040981,30041021,30041027,30041041,30041087,30041101,30041111,30041119,30041153,30041171,30041173,30041177,30041183,30041203,30041237,30041267,30041273,30041281,
(1860290) | 30041287,30041293,30041309,30041311,30041317,30041369,30041377,30041383,30041399,30041411,30041423,30041441,30041461,30041483,30041491,30041509,30041537,30041581,30041587,30041597,
(1860310) | 30041621,30041629,30041659,30041663,30041677,30041699,30041729,30041731,30041741,30041761,30041777,30041779,30041813,30041849,30041863,30041899,30041911,30041917,30041923,30041959,
(1860330) | 30041989,30042011,30042013,30042031,30042037,30042049,30042101,30042109,30042119,30042121,30042127,30042143,30042157,30042191,30042203,30042223,30042239,30042263,30042323,30042343,
(1860350) | 30042359,30042373,30042403,30042413,30042427,30042437,30042449,30042461,30042469,30042473,30042479,30042499,30042527,30042533,30042547,30042583,30042611,30042619,30042641,30042643,
(1860370) | 30042671,30042737,30042773,30042797,30042827,30042829,30042833,30042841,30042847,30042851,30042877,30042919,30042949,30042953,30042973,30042979,30042983,30043021,30043033,30043073,
(1860390) | 30043081,30043087,30043093,30043099,30043163,30043183,30043187,30043193,30043207,30043219,30043231,30043241,30043249,30043259,30043289,30043303,30043339,30043357,30043367,30043373,
(1860410) | 30043381,30043399,30043439,30043441,30043457,30043483,30043487,30043493,30043523,30043547,30043549,30043571,30043583,30043591,30043597,30043603,30043613,30043679,30043691,30043703,
(1860430) | 30043729,30043733,30043747,30043771,30043787,30043837,30043841,30043847,30043901,30043943,30043961,30043969,30043999,30044033,30044051,30044059,30044081,30044089,30044093,30044137,
(1860450) | 30044153,30044171,30044213,30044227,30044243,30044249,30044281,30044293,30044297,30044299,30044303,30044359,30044381,30044387,30044419,30044447,30044459,30044461,30044471,30044473,
(1860470) | 30044479,30044519,30044527,30044543,30044603,30044657,30044671,30044687,30044689,30044699,30044713,30044717,30044723,30044741,30044761,30044809,30044813,30044827,30044837,30044843,
(1860490) | 30044849,30044893,30044897,30044939,30044953,30044977,30045007,30045019,30045031,30045053,30045077,30045097,30045109,30045133,30045151,30045157,30045167,30045181,30045209,30045217,
(1860510) | 30045227,30045259,30045263,30045269,30045271,30045277,30045287,30045313,30045317,30045319,30045343,30045349,30045373,30045377,30045391,30045467,30045473,30045481,30045503,30045529,
(1860530) | 30045551,30045553,30045557,30045569,30045601,30045619,30045623,30045629,30045649,30045667,30045677,30045679,30045703,30045713,30045721,30045779,30045781,30045791,30045803,30045811,
(1860550) | 30045871,30045931,30045941,30046007,30046031,30046039,30046043,30046057,30046061,30046063,30046067,30046069,30046091,30046111,30046141,30046147,30046169,30046171,30046199,30046213,
(1860570) | 30046229,30046241,30046253,30046273,30046309,30046319,30046321,30046337,30046339,30046369,30046411,30046421,30046427,30046447,30046451,30046469,30046483,30046501,30046519,30046537,
(1860590) | 30046547,30046559,30046567,30046571,30046573,30046603,30046649,30046651,30046661,30046663,30046669,30046673,30046691,30046693,30046721,30046729,30046789,30046799,30046801,30046859,
(1860610) | 30046867,30046889,30046921,30046927,30046937,30046943,30046949,30046957,30046979,30047027,30047047,30047051,30047081,30047093,30047099,30047111,30047117,30047123,30047167,30047179,
(1860630) | 30047203,30047207,30047221,30047233,30047273,30047287,30047321,30047323,30047333,30047357,30047359,30047371,30047377,30047387,30047389,30047471,30047473,30047533,30047539,30047561,
(1860650) | 30047573,30047581,30047597,30047609,30047621,30047627,30047659,30047671,30047701,30047707,30047723,30047753,30047791,30047813,30047833,30047837,30047861,30047893,30047917,30047923,
(1860670) | 30047939,30047947,30047951,30047971,30048001,30048019,30048023,30048037,30048043,30048049,30048059,30048071,30048077,30048079,30048103,30048119,30048127,30048167,30048199,30048211,
(1860690) | 30048223,30048251,30048289,30048301,30048307,30048341,30048349,30048371,30048377,30048391,30048397,30048413,30048433,30048439,30048457,30048467,30048527,30048559,30048569,30048587,
(1860710) | 30048589,30048593,30048617,30048643,30048713,30048719,30048731,30048761,30048769,30048791,30048817,30048841,30048857,30048869,30048871,30048883,30048913,30048923,30048929,30048943,
(1860730) | 30048961,30048983,30049007,30049009,30049021,30049037,30049067,30049079,30049093,30049099,30049139,30049147,30049153,30049171,30049177,30049181,30049189,30049207,30049219,30049273,
(1860750) | 30049289,30049301,30049333,30049367,30049391,30049417,30049427,30049429,30049441,30049451,30049483,30049511,30049531,30049541,30049553,30049573,30049577,30049601,30049627,30049651,
(1860770) | 30049667,30049673,30049681,30049687,30049699,30049711,30049729,30049739,30049807,30049841,30049847,30049867,30049879,30049909,30049913,30049961,30049973,30049979,30050047,30050051,
(1860790) | 30050071,30050087,30050107,30050143,30050149,30050159,30050173,30050197,30050219,30050269,30050281,30050287,30050297,30050323,30050329,30050347,30050387,30050389,30050413,30050431,
(1860810) | 30050459,30050479,30050513,30050519,30050551,30050567,30050569,30050599,30050617,30050653,30050681,30050689,30050693,30050711,30050717,30050743,30050789,30050807,30050809,30050819,
(1860830) | 30050861,30050863,30050869,30050879,30050893,30050929,30050957,30050981,30050987,30051017,30051029,30051031,30051037,30051079,30051083,30051097,30051113,30051127,30051167,30051173,
(1860850) | 30051181,30051199,30051211,30051227,30051233,30051299,30051313,30051323,30051347,30051349,30051379,30051397,30051403,30051419,30051433,30051449,30051457,30051481,30051503,30051517,
(1860870) | 30051523,30051533,30051551,30051557,30051599,30051613,30051649,30051653,30051677,30051683,30051737,30051739,30051757,30051761,30051779,30051809,30051871,30051877,30051887,30051907,
(1860890) | 30051911,30051943,30051997,30052021,30052027,30052031,30052037,30052049,30052081,30052111,30052117,30052123,30052133,30052157,30052163,30052193,30052201,30052213,30052229,30052259,
(1860910) | 30052261,30052271,30052291,30052307,30052327,30052331,30052333,30052343,30052367,30052369,30052409,30052427,30052441,30052453,30052493,30052501,30052511,30052523,30052543,30052553,
(1860930) | 30052591,30052601,30052679,30052691,30052703,30052709,30052721,30052751,30052807,30052811,30052817,30052823,30052837,30052849,30052871,30052901,30052933,30052937,30052963,30052969,
(1860950) | 30052993,30052999,30053017,30053029,30053033,30053047,30053057,30053063,30053081,30053113,30053129,30053131,30053137,30053143,30053159,30053171,30053183,30053201,30053207,30053209,
(1860970) | 30053267,30053281,30053293,30053311,30053339,30053389,30053447,30053461,30053473,30053489,30053531,30053537,30053549,30053557,30053561,30053579,30053581,30053591,30053623,30053693,
(1860990) | 30053701,30053707,30053711,30053713,30053717,30053741,30053743,30053753,30053759,30053789,30053791,30053843,30053857,30053869,30053887,30053917,30053923,30053929,30053963,30053981,
(1861010) | 30053999,30054023,30054043,30054083,30054109,30054131,30054137,30054149,30054191,30054209,30054239,30054247,30054253,30054259,30054263,30054281,30054287,30054293,30054301,30054313,
(1861030) | 30054331,30054337,30054341,30054359,30054361,30054389,30054421,30054439,30054457,30054503,30054533,30054569,30054571,30054581,30054613,30054617,30054631,30054653,30054683,30054707,
(1861050) | 30054727,30054733,30054737,30054749,30054781,30054799,30054803,30054809,30054821,30054847,30054853,30054863,30054877,30054901,30054943,30054971,30054977,30055001,30055021,30055037,
(1861070) | 30055057,30055097,30055111,30055139,30055147,30055217,30055229,30055253,30055279,30055309,30055343,30055349,30055357,30055373,30055387,30055391,30055393,30055429,30055453,30055469,
(1861090) | 30055477,30055483,30055489,30055499,30055517,30055537,30055559,30055561,30055579,30055589,30055591,30055601,30055621,30055651,30055657,30055673,30055691,30055703,30055757,30055783,
(1861110) | 30055789,30055799,30055807,30055811,30055819,30055841,30055843,30055867,30055873,30055897,30055901,30055913,30055931,30055943,30055997,30056087,30056111,30056113,30056123,30056189,
(1861130) | 30056197,30056203,30056207,30056219,30056251,30056263,30056281,30056291,30056297,30056303,30056371,30056381,30056413,30056417,30056443,30056447,30056483,30056491,30056503,30056513,
(1861150) | 30056519,30056539,30056549,30056563,30056599,30056633,30056657,30056659,30056681,30056683,30056687,30056717,30056729,30056753,30056759,30056773,30056809,30056821,30056849,30056861,
(1861170) | 30056909,30056911,30056953,30056981,30057007,30057023,30057029,30057047,30057089,30057091,30057109,30057119,30057121,30057127,30057149,30057163,30057187,30057199,30057257,30057271,
(1861190) | 30057289,30057317,30057319,30057329,30057331,30057337,30057341,30057359,30057361,30057397,30057409,30057437,30057439,30057451,30057463,30057523,30057529,30057553,30057571,30057589,
(1861210) | 30057593,30057611,30057613,30057617,30057647,30057673,30057697,30057707,30057719,30057721,30057737,30057739,30057743,30057749,30057763,30057767,30057773,30057793,30057799,30057827,
(1861230) | 30057847,30057851,30057857,30057871,30057889,30057893,30057899,30057901,30057913,30057917,30057931,30057953,30057971,30057983,30058001,30058027,30058031,30058037,30058073,30058087,
(1861250) | 30058099,30058103,30058109,30058117,30058129,30058139,30058169,30058183,30058187,30058213,30058219,30058229,30058241,30058253,30058267,30058271,30058283,30058331,30058337,30058349,
(1861270) | 30058373,30058403,30058409,30058439,30058459,30058477,30058481,30058517,30058519,30058537,30058549,30058571,30058597,30058619,30058643,30058649,30058657,30058661,30058663,30058673,
(1861290) | 30058681,30058729,30058733,30058753,30058757,30058783,30058793,30058801,30058807,30058823,30058829,30058841,30058843,30058859,30058883,30058901,30058921,30058939,30058957,30059011,
(1861310) | 30059041,30059047,30059053,30059069,30059087,30059093,30059123,30059131,30059147,30059173,30059201,30059219,30059231,30059251,30059287,30059297,30059299,30059329,30059333,30059339,
(1861330) | 30059347,30059357,30059369,30059371,30059401,30059431,30059443,30059453,30059467,30059489,30059507,30059521,30059531,30059593,30059599,30059609,30059611,30059629,30059633,30059663,
(1861350) | 30059671,30059699,30059717,30059741,30059753,30059759,30059797,30059803,30059819,30059849,30059879,30059891,30059899,30059903,30059917,30059933,30059941,30059951,30059959,30059963,
(1861370) | 30059983,30059989,30059999,30060047,30060067,30060073,30060077,30060113,30060127,30060157,30060161,30060179,30060181,30060187,30060197,30060221,30060253,30060271,30060281,30060341,
(1861390) | 30060353,30060361,30060377,30060383,30060389,30060409,30060431,30060463,30060467,30060469,30060509,30060523,30060533,30060571,30060581,30060587,30060631,30060643,30060647,30060659,
(1861410) | 30060673,30060697,30060713,30060721,30060757,30060763,30060799,30060809,30060817,30060829,30060847,30060851,30060853,30060881,30060883,30060923,30060937,30060941,30060967,30060971,
(1861430) | 30060991,30060997,30061007,30061013,30061043,30061061,30061067,30061079,30061111,30061121,30061147,30061177,30061183,30061223,30061243,30061259,30061301,30061307,30061309,30061319,
(1861450) | 30061331,30061379,30061397,30061399,30061417,30061433,30061453,30061463,30061469,30061489,30061523,30061541,30061567,30061573,30061579,30061589,30061597,30061607,30061637,30061639,
(1861470) | 30061643,30061657,30061679,30061693,30061699,30061709,30061711,30061727,30061769,30061799,30061807,30061817,30061841,30061877,30061879,30061903,30061907,30061921,30061931,30061937,
(1861490) | 30061939,30061957,30061963,30061987,30061991,30062041,30062059,30062083,30062101,30062111,30062113,30062119,30062129,30062141,30062147,30062159,30062189,30062213,30062233,30062243,
(1861510) | 30062257,30062261,30062267,30062287,30062293,30062317,30062327,30062353,30062369,30062371,30062381,30062393,30062401,30062419,30062429,30062441,30062453,30062479,30062489,30062491,
(1861530) | 30062561,30062567,30062597,30062623,30062629,30062639,30062651,30062671,30062677,30062689,30062737,30062761,30062779,30062789,30062803,30062861,30062867,30062887,30062899,30062911,
(1861550) | 30062917,30062927,30062947,30062957,30062983,30062999,30063013,30063017,30063049,30063071,30063097,30063107,30063109,30063119,30063151,30063161,30063197,30063233,30063239,30063251,
(1861570) | 30063287,30063353,30063379,30063389,30063413,30063419,30063443,30063457,30063479,30063511,30063563,30063613,30063629,30063659,30063673,30063703,30063713,30063731,30063779,30063791,
(1861590) | 30063797,30063811,30063827,30063853,30063877,30063899,30063941,30063953,30063959,30063991,30063997,30064019,30064043,30064051,30064057,30064063,30064081,30064121,30064127,30064129,
(1861610) | 30064157,30064159,30064163,30064183,30064201,30064219,30064231,30064241,30064259,30064283,30064297,30064337,30064339,30064373,30064423,30064429,30064481,30064487,30064499,30064501,
(1861630) | 30064511,30064523,30064543,30064547,30064549,30064577,30064579,30064607,30064613,30064649,30064651,30064663,30064673,30064691,30064711,30064729,30064739,30064747,30064777,30064799,
(1861650) | 30064871,30064877,30064883,30064889,30064901,30064927,30064943,30064949,30064963,30064981,30064987,30064999,30065003,30065039,30065047,30065051,30065059,30065069,30065089,30065107,
(1861670) | 30065137,30065149,30065153,30065159,30065171,30065183,30065261,30065263,30065281,30065291,30065293,30065309,30065311,30065327,30065351,30065407,30065419,30065437,30065507,30065509,
(1861690) | 30065521,30065527,30065551,30065569,30065591,30065603,30065611,30065627,30065641,30065683,30065687,30065689,30065699,30065743,30065747,30065767,30065821,30065881,30065921,30065929,
(1861710) | 30065933,30065951,30065963,30065969,30065977,30065989,30066007,30066017,30066019,30066031,30066053,30066059,30066061,30066067,30066077,30066103,30066133,30066137,30066209,30066241,
(1861730) | 30066259,30066269,30066271,30066277,30066287,30066293,30066307,30066329,30066347,30066383,30066391,30066397,30066401,30066403,30066419,30066433,30066457,30066469,30066479,30066481,
(1861750) | 30066521,30066527,30066541,30066551,30066581,30066593,30066601,30066611,30066613,30066643,30066661,30066691,30066697,30066703,30066709,30066733,30066749,30066763,30066767,30066787,
(1861770) | 30066857,30066871,30066877,30066889,30066901,30066941,30066943,30066983,30067043,30067057,30067061,30067069,30067073,30067091,30067097,30067099,30067127,30067129,30067159,30067183,
(1861790) | 30067211,30067217,30067249,30067259,30067267,30067307,30067319,30067333,30067343,30067351,30067361,30067439,30067501,30067511,30067529,30067537,30067547,30067553,30067559,30067561,
(1861810) | 30067567,30067579,30067603,30067607,30067619,30067627,30067651,30067691,30067699,30067703,30067727,30067729,30067771,30067777,30067789,30067811,30067813,30067819,30067837,30067841,
(1861830) | 30067847,30067889,30067909,30067927,30067949,30067979,30067987,30067991,30068009,30068023,30068029,30068039,30068081,30068083,30068113,30068123,30068131,30068147,30068149,30068167,
(1861850) | 30068173,30068191,30068201,30068221,30068231,30068237,30068251,30068281,30068321,30068329,30068333,30068377,30068399,30068411,30068449,30068459,30068471,30068477,30068491,30068497,
(1861870) | 30068537,30068569,30068581,30068593,30068629,30068641,30068671,30068693,30068719,30068741,30068771,30068783,30068789,30068807,30068833,30068873,30068881,30068891,30068923,30068953,
(1861890) | 30068993,30068999,30069007,30069019,30069023,30069029,30069037,30069041,30069121,30069167,30069199,30069203,30069223,30069227,30069233,30069239,30069253,30069293,30069301,30069313,
(1861910) | 30069353,30069367,30069371,30069383,30069397,30069407,30069439,30069443,30069449,30069463,30069467,30069521,30069539,30069547,30069563,30069569,30069581,30069587,30069601,30069623,
(1861930) | 30069631,30069643,30069653,30069661,30069679,30069701,30069737,30069749,30069757,30069773,30069779,30069791,30069797,30069803,30069829,30069841,30069869,30069887,30069911,30069929,
(1861950) | 30069931,30069959,30069961,30069967,30069973,30069983,30070003,30070021,30070043,30070049,30070057,30070063,30070067,30070081,30070111,30070121,30070123,30070147,30070151,30070169,
(1861970) | 30070181,30070211,30070213,30070237,30070241,30070253,30070259,30070283,30070301,30070349,30070351,30070363,30070387,30070409,30070421,30070429,30070457,30070489,30070549,30070561,
(1861990) | 30070567,30070583,30070613,30070627,30070633,30070643,30070661,30070669,30070693,30070699,30070723,30070727,30070771,30070813,30070819,30070823,30070861,30070871,30070891,30070897,
(1862010) | 30070903,30070921,30070927,30070949,30070967,30070969,30070979,30070993,30071003,30071009,30071017,30071059,30071099,30071101,30071123,30071131,30071161,30071191,30071201,30071203,
(1862030) | 30071287,30071291,30071323,30071359,30071369,30071383,30071389,30071407,30071413,30071467,30071473,30071477,30071479,30071497,30071501,30071549,30071563,30071611,30071621,30071669,
(1862050) | 30071689,30071729,30071747,30071761,30071771,30071849,30071893,30071897,30071917,30071957,30071959,30071969,30071981,30071989,30072001,30072013,30072023,30072067,30072089,30072113,
(1862070) | 30072137,30072143,30072149,30072181,30072187,30072197,30072227,30072257,30072281,30072319,30072323,30072349,30072389,30072397,30072461,30072463,30072479,30072487,30072499,30072503,
(1862090) | 30072517,30072529,30072533,30072551,30072563,30072587,30072589,30072613,30072617,30072631,30072667,30072683,30072709,30072743,30072751,30072769,30072793,30072811,30072827,30072853,
(1862110) | 30072863,30072871,30072899,30072907,30072923,30072929,30072943,30072947,30072979,30072989,30073003,30073027,30073073,30073093,30073097,30073103,30073133,30073139,30073157,30073159,
(1862130) | 30073171,30073177,30073217,30073223,30073229,30073231,30073237,30073249,30073291,30073301,30073343,30073349,30073363,30073403,30073411,30073451,30073471,30073487,30073501,30073529,
(1862150) | 30073531,30073559,30073567,30073573,30073577,30073579,30073583,30073597,30073607,30073621,30073643,30073651,30073669,30073691,30073709,30073717,30073721,30073759,30073763,30073777,
(1862170) | 30073807,30073831,30073847,30073853,30073873,30073891,30073907,30073913,30073919,30073961,30073963,30073973,30073987,30073991,30073997,30074021,30074039,30074047,30074053,30074059,
(1862190) | 30074111,30074113,30074117,30074141,30074201,30074203,30074227,30074237,30074263,30074269,30074293,30074311,30074323,30074339,30074389,30074423,30074441,30074459,30074461,30074497,
(1862210) | 30074503,30074509,30074521,30074531,30074533,30074567,30074579,30074591,30074609,30074623,30074657,30074659,30074699,30074773,30074809,30074813,30074831,30074833,30074851,30074857,
(1862230) | 30074861,30074909,30074917,30074923,30074927,30074939,30074951,30074963,30074981,30074983,30074987,30074999,30075011,30075041,30075047,30075049,30075107,30075109,30075127,30075131,
(1862250) | 30075137,30075139,30075151,30075163,30075167,30075169,30075173,30075187,30075209,30075281,30075313,30075317,30075319,30075323,30075337,30075359,30075371,30075403,30075439,30075443,
(1862270) | 30075449,30075469,30075491,30075497,30075511,30075527,30075557,30075583,30075587,30075589,30075593,30075637,30075649,30075677,30075707,30075739,30075761,30075763,30075779,30075809,
(1862290) | 30075811,30075821,30075823,30075833,30075883,30075887,30075889,30075893,30075901,30075923,30075937,30075959,30075961,30075971,30075977,30075979,30076003,30076027,30076051,30076087,
(1862310) | 30076093,30076121,30076127,30076139,30076147,30076171,30076177,30076217,30076229,30076279,30076351,30076357,30076369,30076379,30076399,30076439,30076441,30076457,30076463,30076469,
(1862330) | 30076481,30076507,30076531,30076537,30076547,30076549,30076583,30076609,30076619,30076637,30076649,30076667,30076687,30076703,30076729,30076733,30076747,30076777,30076831,30076841,
(1862350) | 30076853,30076861,30076873,30076877,30076897,30076901,30076931,30076987,30077009,30077011,30077017,30077051,30077071,30077083,30077111,30077119,30077143,30077213,30077221,30077269,
(1862370) | 30077287,30077297,30077303,30077371,30077381,30077389,30077401,30077407,30077423,30077429,30077431,30077441,30077449,30077473,30077501,30077507,30077519,30077521,30077527,30077543,
(1862390) | 30077561,30077563,30077599,30077609,30077651,30077653,30077701,30077713,30077717,30077753,30077759,30077771,30077783,30077797,30077809,30077821,30077863,30077899,30077921,30077933,
(1862410) | 30077963,30077989,30078031,30078047,30078053,30078067,30078079,30078119,30078127,30078137,30078149,30078161,30078187,30078193,30078239,30078241,30078271,30078281,30078283,30078313,
(1862430) | 30078317,30078329,30078331,30078341,30078343,30078359,30078397,30078403,30078407,30078413,30078421,30078427,30078431,30078437,30078443,30078473,30078479,30078497,30078523,30078541,
(1862450) | 30078563,30078571,30078589,30078611,30078617,30078677,30078689,30078721,30078749,30078787,30078791,30078793,30078799,30078803,30078809,30078823,30078833,30078859,30078863,30078883,
(1862470) | 30078901,30078907,30078929,30078941,30078943,30078947,30078949,30079019,30079043,30079073,30079081,30079097,30079121,30079129,30079157,30079163,30079169,30079213,30079219,30079229,
(1862490) | 30079267,30079271,30079277,30079319,30079327,30079333,30079349,30079381,30079391,30079397,30079421,30079453,30079459,30079463,30079481,30079493,30079507,30079513,30079529,30079541,
(1862510) | 30079549,30079559,30079571,30079619,30079627,30079633,30079657,30079663,30079669,30079729,30079741,30079759,30079769,30079799,30079807,30079867,30079871,30079879,30079901,30079909,
(1862530) | 30079943,30079957,30079963,30079969,30079979,30079981,30079999,30080009,30080023,30080027,30080033,30080053,30080069,30080081,30080107,30080111,30080117,30080153,30080201,30080227,
(1862550) | 30080233,30080291,30080299,30080311,30080317,30080321,30080333,30080339,30080341,30080359,30080377,30080417,30080419,30080431,30080441,30080459,30080461,30080467,30080473,30080483,
(1862570) | 30080489,30080507,30080513,30080537,30080539,30080543,30080563,30080579,30080581,30080587,30080623,30080657,30080663,30080669,30080683,30080689,30080707,30080717,30080731,30080759,
(1862590) | 30080761,30080807,30080821,30080833,30080863,30080867,30080879,30080887,30080899,30080927,30080929,30080959,30080983,30080989,30081001,30081011,30081019,30081031,30081053,30081059,
(1862610) | 30081071,30081089,30081097,30081119,30081127,30081131,30081179,30081197,30081221,30081229,30081239,30081241,30081277,30081281,30081283,30081299,30081301,30081307,30081319,30081341,
(1862630) | 30081343,30081361,30081371,30081397,30081409,30081419,30081421,30081451,30081509,30081511,30081521,30081523,30081533,30081547,30081589,30081599,30081641,30081647,30081673,30081691,
(1862650) | 30081697,30081707,30081719,30081743,30081757,30081781,30081791,30081797,30081803,30081827,30081829,30081839,30081847,30081859,30081869,30081901,30081937,30081943,30081971,30081973,
(1862670) | 30081979,30081991,30082037,30082043,30082067,30082079,30082081,30082123,30082133,30082159,30082177,30082181,30082189,30082201,30082207,30082219,30082223,30082237,30082243,30082249,
(1862690) | 30082259,30082277,30082279,30082291,30082337,30082357,30082373,30082387,30082399,30082411,30082417,30082421,30082439,30082441,30082463,30082523,30082543,30082553,30082573,30082579,
(1862710) | 30082627,30082649,30082651,30082667,30082669,30082687,30082693,30082711,30082727,30082763,30082777,30082783,30082817,30082837,30082847,30082849,30082859,30082883,30082907,30082931,
(1862730) | 30082937,30082957,30082967,30082981,30082993,30082999,30083003,30083033,30083041,30083059,30083071,30083083,30083087,30083089,30083111,30083161,30083167,30083173,30083203,30083231,
(1862750) | 30083239,30083269,30083303,30083311,30083323,30083363,30083377,30083393,30083399,30083401,30083407,30083413,30083429,30083447,30083491,30083509,30083533,30083539,30083551,30083561,
(1862770) | 30083567,30083587,30083611,30083621,30083639,30083663,30083681,30083717,30083723,30083741,30083743,30083777,30083813,30083827,30083831,30083899,30083917,30083939,30083941,30083947,
(1862790) | 30083969,30084001,30084007,30084017,30084029,30084073,30084077,30084079,30084113,30084121,30084151,30084157,30084179,30084199,30084217,30084221,30084233,30084269,30084287,30084289,
(1862810) | 30084317,30084319,30084323,30084331,30084377,30084389,30084401,30084413,30084419,30084427,30084433,30084449,30084451,30084473,30084487,30084491,30084499,30084503,30084511,30084521,
(1862830) | 30084533,30084547,30084557,30084569,30084583,30084623,30084643,30084661,30084673,30084683,30084689,30084697,30084721,30084731,30084751,30084779,30084793,30084797,30084799,30084827,
(1862850) | 30084829,30084839,30084863,30084889,30084893,30084913,30084941,30084949,30084953,30085009,30085049,30085051,30085129,30085141,30085147,30085163,30085169,30085177,30085183,30085201,
(1862870) | 30085213,30085301,30085309,30085313,30085331,30085343,30085351,30085361,30085369,30085381,30085387,30085409,30085421,30085481,30085483,30085501,30085507,30085553,30085567,30085571,
(1862890) | 30085589,30085603,30085637,30085651,30085663,30085691,30085697,30085703,30085711,30085723,30085729,30085739,30085763,30085777,30085787,30085813,30085819,30085823,30085831,30085843,
(1862910) | 30085849,30085879,30085889,30085897,30085907,30085943,30085961,30085967,30086003,30086009,30086011,30086029,30086041,30086053,30086057,30086059,30086081,30086083,30086099,30086117,
(1862930) | 30086131,30086167,30086171,30086201,30086239,30086261,30086263,30086317,30086327,30086341,30086347,30086383,30086437,30086467,30086479,30086501,30086521,30086657,30086663,30086677,
(1862950) | 30086687,30086723,30086729,30086741,30086759,30086767,30086773,30086779,30086801,30086813,30086827,30086839,30086851,30086863,30086867,30086879,30086929,30086939,30086983,30086999,
(1862970) | 30087017,30087037,30087047,30087049,30087053,30087061,30087077,30087103,30087107,30087121,30087131,30087139,30087157,30087209,30087257,30087259,30087269,30087287,30087293,30087301,
(1862990) | 30087307,30087311,30087341,30087353,30087359,30087367,30087373,30087377,30087389,30087403,30087503,30087511,30087521,30087527,30087539,30087553,30087571,30087601,30087619,30087647,
(1863010) | 30087653,30087677,30087689,30087691,30087713,30087721,30087731,30087767,30087769,30087779,30087781,30087791,30087793,30087821,30087839,30087851,30087853,30087857,30087881,30087907,
(1863030) | 30087913,30087923,30087929,30087947,30087961,30087991,30087997,30088021,30088027,30088043,30088049,30088061,30088063,30088099,30088103,30088129,30088133,30088183,30088187,30088207,
(1863050) | 30088217,30088237,30088241,30088273,30088297,30088307,30088313,30088327,30088339,30088361,30088379,30088391,30088441,30088477,30088481,30088489,30088501,30088523,30088529,30088537,
(1863070) | 30088549,30088559,30088567,30088603,30088633,30088649,30088699,30088703,30088727,30088739,30088753,30088757,30088769,30088771,30088781,30088783,30088787,30088801,30088813,30088831,
(1863090) | 30088847,30088871,30088909,30088931,30088937,30088943,30088969,30088973,30088987,30089021,30089047,30089051,30089053,30089089,30089093,30089113,30089119,30089131,30089159,30089183,
(1863110) | 30089219,30089249,30089261,30089273,30089299,30089309,30089321,30089329,30089347,30089357,30089417,30089429,30089453,30089459,30089461,30089471,30089489,30089491,30089503,30089509,
(1863130) | 30089513,30089519,30089557,30089569,30089581,30089593,30089611,30089627,30089641,30089663,30089671,30089687,30089693,30089707,30089713,30089737,30089789,30089827,30089831,30089833,
(1863150) | 30089867,30089903,30089959,30089971,30089989,30090001,30090031,30090037,30090041,30090083,30090101,30090107,30090113,30090121,30090143,30090157,30090163,30090173,30090191,30090241,
(1863170) | 30090271,30090311,30090329,30090353,30090397,30090407,30090419,30090421,30090451,30090461,30090517,30090559,30090563,30090587,30090589,30090607,30090617,30090631,30090637,30090653,
(1863190) | 30090659,30090667,30090689,30090691,30090721,30090727,30090733,30090743,30090791,30090847,30090899,30090911,30090913,30090917,30090937,30090959,30090967,30090971,30090979,30091001,
(1863210) | 30091043,30091057,30091063,30091073,30091081,30091123,30091133,30091163,30091169,30091177,30091189,30091211,30091223,30091261,30091273,30091277,30091279,30091301,30091331,30091339,
(1863230) | 30091351,30091363,30091367,30091487,30091489,30091517,30091543,30091559,30091577,30091583,30091591,30091597,30091601,30091603,30091627,30091657,30091667,30091679,30091681,30091709,
(1863250) | 30091723,30091729,30091753,30091769,30091781,30091813,30091823,30091837,30091847,30091861,30091883,30091907,30091939,30091949,30091951,30091961,30091967,30091993,30092003,30092017,
(1863270) | 30092039,30092047,30092071,30092077,30092081,30092107,30092123,30092129,30092149,30092207,30092233,30092263,30092273,30092291,30092311,30092327,30092339,30092357,30092369,30092383,
(1863290) | 30092399,30092411,30092417,30092437,30092471,30092473,30092477,30092479,30092497,30092509,30092539,30092551,30092593,30092597,30092603,30092627,30092681,30092687,30092701,30092707,
(1863310) | 30092719,30092731,30092743,30092747,30092767,30092779,30092791,30092801,30092813,30092833,30092837,30092857,30092861,30092869,30092911,30092921,30092929,30092939,30092963,30092969,
(1863330) | 30093023,30093059,30093079,30093103,30093109,30093121,30093187,30093199,30093209,30093257,30093263,30093307,30093319,30093331,30093337,30093379,30093409,30093443,30093449,30093461,
(1863350) | 30093463,30093493,30093509,30093517,30093521,30093533,30093541,30093551,30093589,30093641,30093647,30093649,30093667,30093671,30093709,30093727,30093731,30093733,30093773,30093779,
(1863370) | 30093797,30093809,30093823,30093827,30093829,30093863,30093871,30093883,30093887,30093949,30093971,30093979,30094019,30094021,30094027,30094033,30094037,30094049,30094069,30094117,
(1863390) | 30094139,30094159,30094213,30094217,30094219,30094243,30094247,30094249,30094261,30094277,30094303,30094313,30094333,30094381,30094391,30094409,30094417,30094439,30094447,30094481,
(1863410) | 30094483,30094487,30094517,30094567,30094577,30094609,30094621,30094627,30094639,30094657,30094679,30094703,30094717,30094723,30094747,30094783,30094789,30094807,30094817,30094829,
(1863430) | 30094843,30094847,30094873,30094891,30094901,30094919,30094921,30094931,30094997,30095003,30095041,30095047,30095057,30095077,30095113,30095137,30095147,30095207,30095213,30095239,
(1863450) | 30095249,30095279,30095281,30095291,30095323,30095333,30095341,30095347,30095383,30095407,30095419,30095453,30095473,30095479,30095489,30095497,30095501,30095519,30095531,30095537,
(1863470) | 30095539,30095543,30095561,30095567,30095633,30095669,30095671,30095683,30095687,30095711,30095713,30095719,30095731,30095759,30095771,30095789,30095833,30095843,30095851,30095861,
(1863490) | 30095873,30095893,30095903,30095909,30095917,30095951,30095953,30095957,30095963,30095969,30095987,30096007,30096013,30096041,30096067,30096089,30096097,30096107,30096109,30096139,
(1863510) | 30096161,30096179,30096181,30096191,30096193,30096197,30096203,30096271,30096301,30096349,30096359,30096373,30096379,30096383,30096401,30096413,30096433,30096449,30096457,30096463,
(1863530) | 30096491,30096509,30096557,30096617,30096623,30096653,30096683,30096727,30096733,30096757,30096763,30096821,30096823,30096883,30096887,30096917,30096923,30096929,30096961,30096991,
(1863550) | 30097019,30097037,30097043,30097051,30097103,30097117,30097127,30097181,30097201,30097213,30097231,30097247,30097261,30097283,30097297,30097337,30097351,30097367,30097399,30097421,
(1863570) | 30097427,30097433,30097439,30097477,30097513,30097517,30097519,30097537,30097541,30097601,30097607,30097619,30097631,30097651,30097723,30097741,30097747,30097751,30097757,30097783,
(1863590) | 30097789,30097801,30097811,30097819,30097829,30097831,30097841,30097849,30097861,30097883,30097913,30097967,30098009,30098063,30098129,30098171,30098231,30098239,30098267,30098273,
(1863610) | 30098281,30098293,30098297,30098339,30098357,30098359,30098371,30098399,30098401,30098417,30098423,30098443,30098459,30098461,30098473,30098531,30098573,30098597,30098623,30098639,
(1863630) | 30098657,30098669,30098689,30098699,30098701,30098711,30098741,30098773,30098843,30098863,30098867,30098899,30098917,30098947,30098951,30098963,30098977,30098987,30098989,30099001,
(1863650) | 30099007,30099023,30099053,30099067,30099089,30099103,30099107,30099119,30099131,30099137,30099143,30099149,30099161,30099191,30099193,30099221,30099227,30099229,30099239,30099257,
(1863670) | 30099259,30099271,30099319,30099323,30099337,30099343,30099353,30099373,30099379,30099383,30099403,30099409,30099427,30099431,30099449,30099451,30099457,30099491,30099493,30099521,
(1863690) | 30099529,30099539,30099541,30099547,30099557,30099577,30099581,30099607,30099623,30099631,30099649,30099677,30099721,30099731,30099737,30099749,30099761,30099763,30099841,30099851,
(1863710) | 30099917,30099931,30099943,30099947,30099961,30099967,30099983,30099991,30099997,30100003,30100019,30100051,30100079,30100111,30100141,30100151,30100153,30100157,30100159,30100181,
(1863730) | 30100201,30100223,30100229,30100249,30100283,30100297,30100303,30100321,30100327,30100331,30100333,30100339,30100363,30100403,30100409,30100417,30100453,30100457,30100471,30100507,
(1863750) | 30100517,30100607,30100643,30100649,30100657,30100667,30100687,30100691,30100709,30100711,30100723,30100739,30100751,30100771,30100799,30100841,30100849,30100853,30100871,30100879,
(1863770) | 30100891,30100909,30100933,30100949,30100981,30101003,30101021,30101041,30101051,30101069,30101081,30101083,30101087,30101107,30101147,30101167,30101171,30101189,30101221,30101251,
(1863790) | 30101261,30101287,30101293,30101299,30101303,30101321,30101327,30101329,30101353,30101359,30101381,30101399,30101429,30101437,30101443,30101447,30101459,30101483,30101501,30101521,
(1863810) | 30101531,30101537,30101551,30101557,30101581,30101593,30101597,30101629,30101633,30101653,30101663,30101671,30101689,30101711,30101723,30101783,30101809,30101843,30101857,30101873,
(1863830) | 30101879,30101891,30101927,30101959,30101983,30101993,30101999,30102031,30102047,30102071,30102089,30102091,30102131,30102139,30102151,30102157,30102161,30102167,30102169,30102181,
(1863850) | 30102187,30102197,30102199,30102211,30102221,30102227,30102263,30102277,30102299,30102329,30102337,30102361,30102379,30102383,30102407,30102431,30102437,30102439,30102467,30102473,
(1863870) | 30102491,30102503,30102511,30102521,30102577,30102613,30102629,30102641,30102649,30102661,30102671,30102673,30102679,30102703,30102739,30102757,30102773,30102799,30102817,30102827,
(1863890) | 30102847,30102911,30102913,30102923,30102959,30102991,30102997,30103001,30103009,30103019,30103027,30103037,30103063,30103079,30103081,30103103,30103109,30103111,30103123,30103127,
(1863910) | 30103133,30103169,30103193,30103207,30103217,30103231,30103259,30103279,30103289,30103349,30103399,30103427,30103433,30103441,30103517,30103571,30103589,30103597,30103609,30103613,
(1863930) | 30103643,30103649,30103663,30103673,30103679,30103687,30103721,30103727,30103751,30103763,30103783,30103807,30103831,30103877,30103891,30103907,30103933,30103937,30103939,30103951,
(1863950) | 30103973,30103979,30103993,30104021,30104023,30104077,30104089,30104099,30104141,30104143,30104149,30104153,30104167,30104197,30104231,30104281,30104311,30104323,30104329,30104357,
(1863970) | 30104369,30104377,30104387,30104411,30104413,30104423,30104449,30104453,30104471,30104479,30104483,30104509,30104519,30104533,30104549,30104551,30104561,30104563,30104567,30104611,
(1863990) | 30104623,30104699,30104713,30104741,30104747,30104761,30104827,30104843,30104857,30104887,30104897,30104933,30104989,30105059,30105067,30105071,30105077,30105109,30105151,30105167,
(1864010) | 30105197,30105209,30105307,30105331,30105353,30105389,30105401,30105403,30105409,30105437,30105463,30105499,30105529,30105541,30105571,30105577,30105583,30105587,30105601,30105631,
(1864030) | 30105637,30105653,30105707,30105739,30105769,30105773,30105791,30105811,30105821,30105833,30105839,30105851,30105863,30105869,30105883,30105913,30105947,30105967,30106039,30106061,
(1864050) | 30106079,30106093,30106117,30106151,30106159,30106169,30106171,30106183,30106187,30106199,30106207,30106213,30106217,30106243,30106253,30106277,30106283,30106309,30106313,30106319,
(1864070) | 30106327,30106331,30106361,30106369,30106387,30106397,30106403,30106421,30106429,30106451,30106457,30106459,30106463,30106499,30106513,30106523,30106529,30106537,30106543,30106603,
(1864090) | 30106607,30106631,30106633,30106667,30106691,30106693,30106721,30106729,30106759,30106777,30106801,30106807,30106819,30106823,30106829,30106861,30106873,30106877,30106883,30106889,
(1864110) | 30106907,30106943,30106969,30106991,30107029,30107041,30107047,30107057,30107083,30107111,30107123,30107131,30107141,30107149,30107167,30107177,30107179,30107197,30107201,30107219,
(1864130) | 30107227,30107269,30107279,30107281,30107291,30107303,30107309,30107327,30107333,30107347,30107351,30107369,30107377,30107383,30107431,30107447,30107461,30107471,30107477,30107491,
(1864150) | 30107507,30107549,30107557,30107563,30107569,30107573,30107591,30107633,30107681,30107689,30107699,30107719,30107743,30107747,30107773,30107821,30107843,30107849,30107863,30107911,
(1864170) | 30107921,30107923,30107933,30107939,30107941,30107963,30107993,30108007,30108019,30108031,30108049,30108053,30108073,30108097,30108107,30108131,30108151,30108157,30108181,30108191,
(1864190) | 30108229,30108257,30108277,30108301,30108317,30108329,30108359,30108383,30108413,30108431,30108439,30108457,30108461,30108469,30108497,30108539,30108571,30108577,30108601,30108607,
(1864210) | 30108613,30108619,30108671,30108697,30108709,30108731,30108761,30108773,30108797,30108829,30108833,30108839,30108847,30108893,30108917,30108919,30108937,30109003,30109007,30109019,
(1864230) | 30109031,30109039,30109097,30109117,30109127,30109133,30109147,30109201,30109223,30109241,30109253,30109259,30109267,30109273,30109291,30109307,30109309,30109327,30109333,30109367,
(1864250) | 30109393,30109421,30109423,30109451,30109477,30109481,30109483,30109487,30109493,30109517,30109549,30109571,30109577,30109579,30109603,30109613,30109619,30109637,30109687,30109721,
(1864270) | 30109727,30109741,30109747,30109753,30109757,30109787,30109789,30109811,30109837,30109861,30109903,30109909,30109969,30109987,30109991,30110023,30110029,30110039,30110057,30110063,
(1864290) | 30110089,30110107,30110137,30110141,30110147,30110161,30110173,30110189,30110203,30110209,30110233,30110239,30110251,30110257,30110261,30110291,30110293,30110309,30110317,30110321,
(1864310) | 30110329,30110347,30110371,30110411,30110453,30110467,30110471,30110513,30110551,30110567,30110581,30110593,30110599,30110609,30110627,30110651,30110653,30110681,30110683,30110699,
(1864330) | 30110719,30110737,30110741,30110767,30110777,30110779,30110783,30110803,30110807,30110809,30110813,30110831,30110833,30110849,30110897,30110921,30110947,30111017,30111023,30111041,
(1864350) | 30111043,30111079,30111091,30111121,30111139,30111149,30111167,30111197,30111217,30111239,30111241,30111271,30111353,30111379,30111383,30111391,30111397,30111427,30111463,30111469,
(1864370) | 30111511,30111517,30111527,30111533,30111547,30111563,30111569,30111581,30111611,30111617,30111643,30111649,30111691,30111701,30111721,30111727,30111737,30111769,30111779,30111787,
(1864390) | 30111797,30111799,30111841,30111847,30111859,30111863,30111869,30111871,30111923,30111971,30112051,30112057,30112073,30112079,30112087,30112091,30112097,30112111,30112123,30112133,
(1864410) | 30112139,30112157,30112177,30112183,30112213,30112217,30112249,30112259,30112297,30112309,30112319,30112331,30112343,30112367,30112387,30112403,30112421,30112429,30112441,30112447,
(1864430) | 30112471,30112499,30112517,30112529,30112531,30112541,30112567,30112613,30112619,30112631,30112637,30112651,30112657,30112697,30112723,30112741,30112769,30112793,30112799,30112801,
(1864450) | 30112837,30112877,30112909,30112913,30112919,30112921,30112963,30112987,30112993,30113009,30113023,30113033,30113093,30113113,30113123,30113131,30113179,30113189,30113207,30113221,
(1864470) | 30113231,30113263,30113267,30113297,30113327,30113329,30113333,30113353,30113399,30113401,30113429,30113441,30113471,30113491,30113507,30113519,30113533,30113543,30113563,30113569,
(1864490) | 30113581,30113599,30113609,30113627,30113663,30113669,30113711,30113719,30113723,30113737,30113807,30113813,30113821,30113827,30113843,30113849,30113873,30113891,30113921,30113939,
(1864510) | 30113947,30113957,30114001,30114023,30114037,30114067,30114079,30114101,30114121,30114127,30114167,30114173,30114181,30114197,30114257,30114269,30114277,30114311,30114317,30114347,
(1864530) | 30114379,30114391,30114407,30114431,30114433,30114439,30114467,30114481,30114493,30114509,30114517,30114571,30114583,30114593,30114611,30114631,30114649,30114703,30114713,30114727,
(1864550) | 30114743,30114757,30114761,30114793,30114811,30114817,30114853,30114859,30114881,30114883,30114913,30114937,30114967,30114979,30115009,30115013,30115031,30115039,30115061,30115081,
(1864570) | 30115117,30115123,30115159,30115181,30115187,30115199,30115237,30115301,30115333,30115339,30115343,30115387,30115403,30115411,30115439,30115453,30115469,30115507,30115529,30115531,
(1864590) | 30115537,30115541,30115549,30115567,30115577,30115597,30115621,30115633,30115643,30115649,30115651,30115691,30115693,30115697,30115711,30115727,30115739,30115759,30115769,30115793,
(1864610) | 30115807,30115829,30115831,30115871,30115873,30115907,30115919,30115961,30115963,30115997,30116033,30116041,30116057,30116059,30116069,30116081,30116089,30116101,30116153,30116161,
(1864630) | 30116183,30116189,30116201,30116209,30116291,30116293,30116309,30116321,30116329,30116341,30116351,30116353,30116357,30116381,30116389,30116417,30116423,30116431,30116441,30116473,
(1864650) | 30116521,30116543,30116551,30116599,30116627,30116651,30116677,30116687,30116693,30116699,30116719,30116747,30116759,30116783,30116791,30116797,30116803,30116833,30116861,30116893,
(1864670) | 30116897,30116909,30116917,30116921,30116939,30116941,30116951,30117011,30117019,30117023,30117029,30117037,30117041,30117049,30117067,30117079,30117127,30117169,30117181,30117187,
(1864690) | 30117193,30117211,30117233,30117253,30117259,30117289,30117313,30117323,30117331,30117343,30117349,30117377,30117383,30117389,30117401,30117427,30117431,30117443,30117473,30117491,
(1864710) | 30117499,30117539,30117589,30117599,30117601,30117613,30117617,30117643,30117677,30117691,30117697,30117701,30117719,30117721,30117733,30117749,30117757,30117767,30117779,30117797,
(1864730) | 30117803,30117811,30117847,30117859,30117883,30117917,30117937,30117947,30117953,30117959,30117973,30117977,30118009,30118013,30118031,30118051,30118057,30118061,30118091,30118093,
(1864750) | 30118147,30118159,30118171,30118183,30118199,30118213,30118273,30118303,30118331,30118343,30118357,30118369,30118393,30118397,30118421,30118427,30118457,30118463,30118499,30118511,
(1864770) | 30118519,30118531,30118547,30118549,30118573,30118609,30118633,30118637,30118643,30118663,30118687,30118691,30118721,30118727,30118729,30118783,30118789,30118793,30118801,30118807,
(1864790) | 30118817,30118831,30118843,30118853,30118859,30118861,30118867,30118873,30118889,30118897,30118909,30118931,30118961,30118973,30118993,30119003,30119017,30119021,30119027,30119059,
(1864810) | 30119069,30119083,30119099,30119101,30119107,30119119,30119183,30119191,30119203,30119209,30119227,30119231,30119233,30119239,30119249,30119251,30119267,30119269,30119273,30119279,
(1864830) | 30119281,30119293,30119329,30119333,30119347,30119399,30119431,30119437,30119471,30119477,30119483,30119491,30119519,30119561,30119599,30119611,30119623,30119633,30119641,30119669,
(1864850) | 30119681,30119717,30119723,30119743,30119759,30119779,30119797,30119821,30119827,30119839,30119851,30119863,30119891,30119897,30119899,30119911,30119923,30119927,30119963,30119989,
(1864870) | 30120011,30120017,30120023,30120047,30120061,30120113,30120131,30120137,30120161,30120169,30120173,30120191,30120197,30120203,30120217,30120221,30120239,30120289,30120323,30120341,
(1864890) | 30120353,30120361,30120383,30120427,30120439,30120449,30120487,30120533,30120551,30120557,30120569,30120581,30120611,30120613,30120667,30120677,30120679,30120689,30120697,30120707,
(1864910) | 30120743,30120767,30120781,30120799,30120803,30120817,30120829,30120847,30120859,30120863,30120877,30120887,30120917,30120919,30120953,30120973,30121001,30121043,30121051,30121073,
(1864930) | 30121079,30121081,30121087,30121097,30121151,30121163,30121207,30121241,30121261,30121271,30121303,30121307,30121319,30121321,30121349,30121361,30121369,30121411,30121453,30121493,
(1864950) | 30121499,30121523,30121529,30121547,30121579,30121591,30121607,30121621,30121627,30121639,30121643,30121661,30121681,30121687,30121699,30121711,30121723,30121753,30121759,30121769,
(1864970) | 30121829,30121837,30121853,30121873,30121879,30121901,30121907,30121951,30121969,30121979,30121991,30121997,30121999,30122017,30122021,30122023,30122051,30122083,30122093,30122101,
(1864990) | 30122117,30122123,30122137,30122153,30122161,30122221,30122243,30122269,30122293,30122303,30122311,30122321,30122333,30122369,30122371,30122381,30122383,30122399,30122401,30122423,
(1865010) | 30122447,30122459,30122461,30122507,30122569,30122579,30122591,30122611,30122633,30122681,30122683,30122689,30122707,30122717,30122737,30122753,30122767,30122777,30122783,30122789,
(1865030) | 30122791,30122819,30122867,30122879,30122887,30122899,30122927,30122951,30123001,30123007,30123019,30123047,30123053,30123061,30123089,30123097,30123109,30123139,30123157,30123173,
(1865050) | 30123179,30123187,30123211,30123229,30123251,30123271,30123281,30123329,30123367,30123391,30123409,30123437,30123461,30123497,30123517,30123593,30123619,30123631,30123659,30123671,
(1865070) | 30123679,30123701,30123703,30123707,30123719,30123733,30123739,30123749,30123763,30123787,30123827,30123829,30123833,30123869,30123887,30123893,30123913,30123917,30123931,30123991,
(1865090) | 30124001,30124009,30124013,30124021,30124067,30124079,30124091,30124109,30124117,30124163,30124183,30124189,30124207,30124229,30124249,30124313,30124333,30124351,30124363,30124379,
(1865110) | 30124387,30124403,30124427,30124429,30124433,30124477,30124483,30124487,30124499,30124531,30124541,30124559,30124573,30124597,30124613,30124621,30124669,30124693,30124727,30124729,
(1865130) | 30124753,30124841,30124859,30124877,30124883,30124889,30124903,30124909,30124921,30124949,30124957,30124961,30124981,30125023,30125027,30125047,30125057,30125059,30125063,30125083,
(1865150) | 30125111,30125191,30125197,30125213,30125231,30125237,30125243,30125257,30125281,30125321,30125339,30125351,30125357,30125369,30125383,30125429,30125453,30125467,30125471,30125483,
(1865170) | 30125503,30125509,30125533,30125539,30125549,30125587,30125593,30125629,30125639,30125651,30125657,30125663,30125759,30125761,30125789,30125801,30125839,30125869,30125873,30125899,
(1865190) | 30125911,30125923,30125933,30125941,30125951,30125971,30125981,30125999,30126037,30126043,30126053,30126059,30126071,30126137,30126143,30126169,30126181,30126197,30126211,30126221,
(1865210) | 30126241,30126247,30126269,30126277,30126281,30126289,30126293,30126301,30126319,30126323,30126337,30126353,30126361,30126377,30126379,30126391,30126409,30126449,30126461,30126491,
(1865230) | 30126511,30126529,30126539,30126557,30126581,30126587,30126623,30126641,30126643,30126659,30126661,30126673,30126683,30126713,30126731,30126743,30126749,30126763,30126773,30126781,
(1865250) | 30126787,30126821,30126827,30126847,30126857,30126869,30126893,30126919,30126931,30126959,30126973,30126977,30126979,30126983,30126997,30127001,30127007,30127021,30127037,30127049,
(1865270) | 30127051,30127057,30127061,30127063,30127081,30127093,30127099,30127109,30127117,30127121,30127151,30127157,30127183,30127199,30127211,30127243,30127261,30127283,30127291,30127297,
(1865290) | 30127303,30127337,30127367,30127379,30127387,30127393,30127399,30127403,30127411,30127429,30127441,30127457,30127459,30127481,30127499,30127541,30127543,30127547,30127609,30127613,
(1865310) | 30127637,30127687,30127693,30127697,30127759,30127763,30127771,30127789,30127793,30127817,30127831,30127841,30127849,30127871,30127913,30127919,30127931,30127943,30127963,30127991,
(1865330) | 30128011,30128039,30128041,30128051,30128089,30128093,30128099,30128113,30128141,30128159,30128171,30128177,30128179,30128201,30128209,30128239,30128299,30128339,30128377,30128381,
(1865350) | 30128383,30128387,30128393,30128407,30128411,30128429,30128443,30128447,30128453,30128473,30128489,30128503,30128519,30128521,30128533,30128537,30128543,30128557,30128561,30128569,
(1865370) | 30128599,30128617,30128653,30128663,30128669,30128671,30128677,30128711,30128719,30128723,30128741,30128753,30128759,30128789,30128801,30128803,30128837,30128863,30128867,30128887,
(1865390) | 30128893,30128933,30128957,30129019,30129023,30129031,30129053,30129089,30129091,30129107,30129109,30129133,30129157,30129199,30129299,30129311,30129317,30129343,30129349,30129361,
(1865410) | 30129367,30129391,30129401,30129413,30129443,30129467,30129469,30129479,30129481,30129499,30129523,30129557,30129569,30129571,30129601,30129653,30129667,30129689,30129691,30129709,
(1865430) | 30129719,30129721,30129733,30129739,30129751,30129761,30129787,30129823,30129829,30129851,30129857,30129881,30129893,30129907,30129941,30129949,30129959,30129989,30129997,30130003,
(1865450) | 30130007,30130021,30130031,30130033,30130049,30130063,30130081,30130097,30130117,30130151,30130183,30130187,30130193,30130201,30130211,30130213,30130231,30130249,30130259,30130277,
(1865470) | 30130283,30130339,30130343,30130349,30130351,30130361,30130379,30130381,30130403,30130417,30130439,30130453,30130489,30130501,30130517,30130571,30130591,30130601,30130603,30130627,
(1865490) | 30130643,30130657,30130663,30130669,30130673,30130687,30130703,30130717,30130721,30130741,30130757,30130781,30130829,30130843,30130921,30130931,30130939,30130949,30130957,30130963,
(1865510) | 30130973,30130981,30130999,30131033,30131041,30131047,30131053,30131069,30131071,30131107,30131113,30131137,30131141,30131147,30131149,30131159,30131201,30131243,30131267,30131279,
(1865530) | 30131281,30131291,30131303,30131317,30131323,30131329,30131333,30131363,30131383,30131389,30131419,30131443,30131459,30131461,30131467,30131471,30131483,30131489,30131503,30131509,
(1865550) | 30131527,30131533,30131539,30131557,30131561,30131567,30131581,30131593,30131603,30131669,30131681,30131683,30131687,30131693,30131707,30131711,30131779,30131807,30131809,30131821,
(1865570) | 30131833,30131839,30131861,30131867,30131873,30131879,30131887,30131921,30131951,30131953,30131971,30131993,30131999,30132013,30132019,30132061,30132079,30132103,30132149,30132161,
(1865590) | 30132169,30132199,30132203,30132209,30132251,30132269,30132359,30132383,30132391,30132397,30132407,30132409,30132451,30132469,30132481,30132493,30132497,30132577,30132587,30132607,
(1865610) | 30132611,30132617,30132623,30132629,30132631,30132649,30132667,30132677,30132701,30132703,30132709,30132743,30132749,30132757,30132787,30132793,30132797,30132799,30132811,30132821,
(1865630) | 30132833,30132847,30132863,30132871,30132877,30132887,30132889,30132913,30132929,30132931,30132937,30133003,30133021,30133057,30133079,30133087,30133093,30133099,30133109,30133123,
(1865650) | 30133127,30133141,30133171,30133189,30133193,30133199,30133217,30133273,30133307,30133357,30133361,30133379,30133387,30133403,30133421,30133463,30133471,30133501,30133511,30133517,
(1865670) | 30133549,30133553,30133559,30133619,30133633,30133679,30133687,30133693,30133699,30133717,30133739,30133757,30133759,30133771,30133781,30133787,30133801,30133847,30133849,30133861,
(1865690) | 30133903,30133919,30133921,30133937,30133951,30133963,30133967,30133969,30133993,30134011,30134017,30134029,30134059,30134087,30134107,30134129,30134177,30134197,30134231,30134239,
(1865710) | 30134267,30134281,30134287,30134333,30134341,30134407,30134411,30134413,30134417,30134431,30134453,30134479,30134497,30134537,30134543,30134563,30134569,30134593,30134603,30134609,
(1865730) | 30134639,30134641,30134647,30134651,30134653,30134681,30134707,30134717,30134719,30134723,30134729,30134747,30134773,30134831,30134833,30134869,30134879,30134891,30134917,30134933,
(1865750) | 30134939,30134947,30134957,30134981,30135013,30135023,30135029,30135047,30135071,30135113,30135139,30135143,30135151,30135181,30135191,30135199,30135211,30135227,30135229,30135251,
(1865770) | 30135293,30135299,30135307,30135331,30135341,30135383,30135401,30135421,30135439,30135467,30135473,30135487,30135491,30135493,30135517,30135559,30135569,30135613,30135619,30135629,
(1865790) | 30135643,30135659,30135671,30135683,30135731,30135739,30135757,30135761,30135793,30135811,30135827,30135851,30135869,30135887,30135899,30135913,30135967,30135971,30135979,30135983,
(1865810) | 30136037,30136039,30136063,30136069,30136091,30136097,30136103,30136129,30136159,30136193,30136199,30136213,30136217,30136231,30136237,30136243,30136273,30136283,30136303,30136313,
(1865830) | 30136343,30136357,30136369,30136391,30136409,30136411,30136439,30136459,30136471,30136487,30136511,30136523,30136531,30136543,30136549,30136567,30136573,30136577,30136607,30136609,
(1865850) | 30136627,30136643,30136649,30136651,30136661,30136697,30136703,30136723,30136741,30136751,30136753,30136781,30136811,30136837,30136859,30136861,30136891,30136901,30136933,30136957,
(1865870) | 30136963,30136979,30137017,30137047,30137057,30137071,30137131,30137137,30137147,30137179,30137189,30137207,30137251,30137267,30137273,30137279,30137309,30137333,30137339,30137347,
(1865890) | 30137353,30137357,30137389,30137399,30137411,30137417,30137431,30137449,30137479,30137483,30137489,30137509,30137533,30137537,30137543,30137551,30137557,30137561,30137579,30137581,
(1865910) | 30137587,30137593,30137603,30137621,30137623,30137663,30137759,30137771,30137791,30137837,30137839,30137893,30137927,30137963,30137999,30138001,30138011,30138013,30138019,30138023,
(1865930) | 30138037,30138041,30138061,30138067,30138083,30138131,30138137,30138149,30138167,30138193,30138197,30138217,30138271,30138281,30138289,30138359,30138371,30138401,30138413,30138469,
(1865950) | 30138473,30138499,30138509,30138517,30138523,30138527,30138529,30138547,30138551,30138601,30138611,30138629,30138659,30138679,30138701,30138709,30138791,30138799,30138817,30138839,
(1865970) | 30138887,30138907,30138929,30138931,30138949,30138961,30138973,30139007,30139013,30139019,30139051,30139061,30139069,30139097,30139103,30139121,30139129,30139157,30139163,30139169,
(1865990) | 30139171,30139199,30139229,30139237,30139261,30139271,30139279,30139297,30139303,30139313,30139337,30139357,30139367,30139391,30139393,30139427,30139433,30139441,30139477,30139489,
(1866010) | 30139507,30139523,30139531,30139553,30139559,30139597,30139601,30139631,30139639,30139649,30139661,30139663,30139679,30139687,30139717,30139721,30139723,30139727,30139741,30139771,
(1866030) | 30139777,30139799,30139801,30139817,30139849,30139853,30139877,30139933,30139957,30139981,30139999,30140041,30140057,30140059,30140069,30140101,30140129,30140141,30140171,30140177,
(1866050) | 30140179,30140191,30140219,30140221,30140239,30140321,30140323,30140329,30140333,30140347,30140381,30140387,30140399,30140413,30140431,30140449,30140477,30140491,30140497,30140501,
(1866070) | 30140503,30140543,30140567,30140569,30140629,30140639,30140731,30140743,30140753,30140777,30140801,30140809,30140827,30140839,30140843,30140857,30140861,30140867,30140909,30140911,
(1866090) | 30140933,30140963,30140969,30140987,30140989,30141019,30141071,30141073,30141077,30141091,30141131,30141143,30141149,30141157,30141161,30141169,30141173,30141211,30141227,30141229,
(1866110) | 30141253,30141263,30141283,30141299,30141317,30141337,30141379,30141383,30141401,30141403,30141407,30141457,30141479,30141487,30141499,30141509,30141539,30141557,30141571,30141599,
(1866130) | 30141607,30141647,30141649,30141673,30141689,30141691,30141721,30141737,30141751,30141767,30141779,30141803,30141821,30141829,30141841,30141851,30141871,30141883,30141887,30141913,
(1866150) | 30141931,30141971,30141973,30141977,30142009,30142039,30142043,30142051,30142061,30142103,30142109,30142129,30142153,30142157,30142159,30142169,30142187,30142201,30142237,30142243,
(1866170) | 30142247,30142267,30142271,30142297,30142313,30142361,30142367,30142381,30142393,30142403,30142423,30142433,30142439,30142477,30142481,30142501,30142507,30142543,30142549,30142559,
(1866190) | 30142573,30142577,30142591,30142621,30142631,30142639,30142643,30142657,30142661,30142669,30142681,30142703,30142709,30142727,30142747,30142789,30142799,30142807,30142813,30142817,
(1866210) | 30142823,30142829,30142843,30142859,30142867,30142883,30142907,30142909,30142927,30142951,30142993,30143011,30143017,30143021,30143051,30143081,30143111,30143117,30143119,30143137,
(1866230) | 30143149,30143153,30143173,30143189,30143207,30143237,30143257,30143287,30143293,30143297,30143299,30143303,30143327,30143339,30143353,30143357,30143369,30143371,30143389,30143411,
(1866250) | 30143413,30143423,30143437,30143447,30143453,30143459,30143461,30143467,30143471,30143483,30143507,30143521,30143527,30143549,30143573,30143587,30143599,30143611,30143621,30143627,
(1866270) | 30143647,30143653,30143723,30143741,30143759,30143761,30143783,30143791,30143801,30143807,30143833,30143837,30143849,30143851,30143879,30143881,30143891,30143917,30143929,30143947,
(1866290) | 30143959,30143977,30143987,30144019,30144029,30144047,30144067,30144073,30144097,30144113,30144131,30144139,30144173,30144181,30144197,30144209,30144217,30144223,30144229,30144239,
(1866310) | 30144251,30144259,30144269,30144293,30144319,30144341,30144371,30144391,30144403,30144407,30144449,30144487,30144503,30144509,30144551,30144557,30144563,30144577,30144581,30144589,
(1866330) | 30144599,30144613,30144619,30144629,30144641,30144643,30144649,30144691,30144703,30144721,30144727,30144749,30144767,30144817,30144823,30144827,30144857,30144869,30144883,30144889,
(1866350) | 30144911,30144913,30144943,30144953,30144971,30144979,30144991,30145009,30145033,30145043,30145067,30145081,30145133,30145139,30145147,30145151,30145169,30145207,30145231,30145253,
(1866370) | 30145259,30145261,30145273,30145289,30145303,30145321,30145333,30145439,30145447,30145469,30145477,30145481,30145483,30145561,30145567,30145579,30145597,30145601,30145603,30145613,
(1866390) | 30145627,30145631,30145649,30145657,30145669,30145673,30145679,30145693,30145699,30145729,30145751,30145763,30145807,30145823,30145831,30145883,30145889,30145909,30145933,30145943,
(1866410) | 30145949,30145987,30146057,30146059,30146063,30146069,30146089,30146099,30146119,30146131,30146147,30146159,30146161,30146183,30146191,30146197,30146201,30146267,30146269,30146273,
(1866430) | 30146279,30146297,30146323,30146327,30146329,30146351,30146377,30146401,30146419,30146437,30146443,30146447,30146471,30146531,30146563,30146587,30146609,30146617,30146647,30146653,
(1866450) | 30146681,30146707,30146719,30146731,30146773,30146777,30146789,30146801,30146803,30146819,30146821,30146833,30146843,30146861,30146887,30146891,30146903,30146917,30146947,30146957,
(1866470) | 30147031,30147041,30147049,30147077,30147083,30147101,30147109,30147121,30147127,30147151,30147197,30147199,30147203,30147209,30147223,30147233,30147277,30147311,30147347,30147349,
(1866490) | 30147353,30147361,30147367,30147373,30147391,30147401,30147419,30147431,30147437,30147451,30147461,30147463,30147473,30147493,30147497,30147517,30147529,30147553,30147569,30147583,
(1866510) | 30147589,30147599,30147629,30147653,30147659,30147671,30147679,30147701,30147713,30147721,30147731,30147739,30147757,30147769,30147827,30147829,30147839,30147853,30147857,30147863,
(1866530) | 30147877,30147881,30147883,30147913,30147961,30147967,30147989,30148067,30148093,30148109,30148121,30148133,30148141,30148169,30148171,30148189,30148199,30148211,30148241,30148249,
(1866550) | 30148253,30148267,30148271,30148277,30148309,30148319,30148333,30148367,30148397,30148411,30148441,30148453,30148493,30148499,30148501,30148507,30148519,30148529,30148567,30148589,
(1866570) | 30148597,30148609,30148619,30148621,30148669,30148681,30148697,30148721,30148753,30148757,30148759,30148787,30148793,30148813,30148819,30148829,30148831,30148843,30148847,30148879,
(1866590) | 30148889,30148901,30148903,30148913,30148933,30148967,30149033,30149047,30149051,30149087,30149089,30149111,30149123,30149131,30149167,30149201,30149221,30149237,30149261,30149281,
(1866610) | 30149293,30149303,30149393,30149411,30149423,30149429,30149437,30149477,30149489,30149491,30149503,30149543,30149557,30149591,30149617,30149629,30149641,30149659,30149671,30149689,
(1866630) | 30149699,30149723,30149731,30149741,30149747,30149753,30149759,30149771,30149773,30149807,30149843,30149863,30149957,30149969,30149989,30150007,30150023,30150031,30150091,30150101,
(1866650) | 30150103,30150157,30150161,30150167,30150173,30150179,30150191,30150209,30150247,30150257,30150311,30150313,30150317,30150349,30150361,30150377,30150389,30150391,30150431,30150443,
(1866670) | 30150451,30150467,30150479,30150487,30150499,30150509,30150551,30150559,30150563,30150643,30150661,30150667,30150683,30150713,30150719,30150727,30150733,30150763,30150779,30150803,
(1866690) | 30150811,30150833,30150839,30150851,30150859,30150863,30150919,30150961,30150973,30150997,30151007,30151049,30151063,30151067,30151123,30151129,30151169,30151171,30151207,30151211,
(1866710) | 30151237,30151243,30151249,30151259,30151279,30151283,30151291,30151343,30151351,30151369,30151397,30151399,30151439,30151447,30151453,30151469,30151477,30151481,30151483,30151501,
(1866730) | 30151543,30151547,30151567,30151571,30151573,30151579,30151601,30151621,30151661,30151663,30151673,30151691,30151699,30151717,30151739,30151777,30151787,30151799,30151813,30151817,
(1866750) | 30151843,30151861,30151867,30151921,30151951,30151963,30151969,30151973,30152021,30152029,30152041,30152063,30152093,30152123,30152131,30152147,30152189,30152191,30152219,30152231,
(1866770) | 30152249,30152267,30152327,30152347,30152359,30152377,30152387,30152413,30152443,30152459,30152477,30152501,30152513,30152527,30152531,30152537,30152567,30152569,30152579,30152587,
(1866790) | 30152593,30152621,30152653,30152657,30152767,30152809,30152827,30152831,30152833,30152873,30152887,30152893,30152909,30152911,30152929,30152939,30152959,30152963,30152989,30153037,
(1866810) | 30153041,30153043,30153059,30153089,30153119,30153139,30153143,30153181,30153199,30153241,30153269,30153271,30153287,30153293,30153311,30153371,30153373,30153379,30153397,30153413,
(1866830) | 30153419,30153439,30153451,30153463,30153469,30153499,30153503,30153511,30153523,30153527,30153547,30153569,30153583,30153587,30153601,30153611,30153623,30153637,30153647,30153653,
(1866850) | 30153671,30153677,30153689,30153691,30153701,30153709,30153719,30153751,30153757,30153787,30153811,30153833,30153841,30153883,30153889,30153919,30153923,30153941,30154013,30154027,
(1866870) | 30154031,30154043,30154049,30154079,30154097,30154123,30154129,30154139,30154151,30154169,30154181,30154207,30154217,30154261,30154279,30154291,30154301,30154321,30154331,30154361,
(1866890) | 30154417,30154427,30154429,30154433,30154477,30154483,30154493,30154529,30154543,30154547,30154559,30154571,30154573,30154591,30154603,30154609,30154613,30154637,30154673,30154697,
(1866910) | 30154699,30154703,30154711,30154763,30154783,30154807,30154811,30154829,30154879,30154921,30154931,30154937,30154939,30154951,30154981,30155003,30155009,30155017,30155053,30155057,
(1866930) | 30155087,30155089,30155101,30155113,30155117,30155119,30155123,30155129,30155137,30155141,30155149,30155171,30155173,30155183,30155189,30155197,30155201,30155221,30155227,30155239,
(1866950) | 30155249,30155269,30155291,30155303,30155387,30155401,30155417,30155441,30155449,30155473,30155483,30155509,30155539,30155557,30155581,30155597,30155627,30155639,30155647,30155659,
(1866970) | 30155683,30155687,30155711,30155729,30155753,30155761,30155791,30155813,30155833,30155837,30155929,30155941,30155947,30155953,30156019,30156037,30156041,30156053,30156103,30156127,
(1866990) | 30156157,30156179,30156199,30156209,30156241,30156251,30156253,30156263,30156293,30156299,30156341,30156349,30156383,30156391,30156407,30156409,30156421,30156449,30156461,30156463,
(1867010) | 30156481,30156569,30156587,30156601,30156613,30156617,30156619,30156653,30156661,30156673,30156683,30156701,30156761,30156779,30156787,30156809,30156817,30156821,30156869,30156871,
(1867030) | 30156899,30156911,30156937,30156941,30156943,30156949,30156967,30156977,30156989,30156991,30157003,30157007,30157019,30157021,30157051,30157063,30157067,30157069,30157073,30157081,
(1867050) | 30157087,30157097,30157111,30157157,30157207,30157213,30157217,30157229,30157247,30157261,30157273,30157289,30157291,30157297,30157307,30157333,30157339,30157349,30157367,30157373,
(1867070) | 30157403,30157417,30157429,30157433,30157441,30157447,30157453,30157471,30157483,30157529,30157537,30157549,30157573,30157613,30157619,30157649,30157657,30157661,30157667,30157681,
(1867090) | 30157703,30157717,30157723,30157727,30157789,30157861,30157867,30157877,30157891,30157913,30157927,30157931,30157937,30157943,30157951,30157961,30157969,30158021,30158033,30158041,
(1867110) | 30158053,30158069,30158077,30158081,30158087,30158101,30158131,30158147,30158189,30158207,30158213,30158237,30158281,30158291,30158321,30158333,30158341,30158369,30158383,30158407,
(1867130) | 30158419,30158483,30158519,30158549,30158551,30158573,30158587,30158591,30158593,30158633,30158641,30158651,30158659,30158671,30158677,30158717,30158747,30158761,30158767,30158771,
(1867150) | 30158789,30158813,30158837,30158839,30158851,30158857,30158873,30158879,30158897,30158923,30158983,30159011,30159029,30159083,30159097,30159131,30159133,30159203,30159209,30159221,
(1867170) | 30159253,30159257,30159271,30159281,30159299,30159301,30159323,30159331,30159359,30159379,30159397,30159413,30159419,30159421,30159427,30159431,30159457,30159499,30159511,30159523,
(1867190) | 30159541,30159553,30159557,30159583,30159589,30159599,30159617,30159629,30159643,30159667,30159671,30159677,30159709,30159713,30159719,30159743,30159761,30159781,30159823,30159827,
(1867210) | 30159839,30159851,30159881,30159911,30159929,30159937,30159953,30159977,30159979,30160027,30160063,30160073,30160103,30160177,30160181,30160183,30160187,30160189,30160223,30160253,
(1867230) | 30160259,30160271,30160309,30160313,30160321,30160327,30160343,30160369,30160373,30160381,30160393,30160399,30160423,30160433,30160451,30160463,30160517,30160553,30160561,30160583,
(1867250) | 30160621,30160633,30160649,30160651,30160679,30160693,30160709,30160727,30160747,30160777,30160817,30160831,30160853,30160927,30160937,30160939,30160951,30160969,30161011,30161029,
(1867270) | 30161039,30161059,30161069,30161099,30161107,30161123,30161129,30161141,30161143,30161167,30161177,30161203,30161207,30161231,30161249,30161269,30161279,30161333,30161353,30161359,
(1867290) | 30161393,30161407,30161413,30161423,30161429,30161431,30161437,30161501,30161503,30161539,30161557,30161563,30161597,30161603,30161657,30161669,30161693,30161701,30161707,30161737,
(1867310) | 30161767,30161801,30161849,30161851,30161861,30161869,30161881,30161941,30161953,30161959,30161981,30162023,30162043,30162061,30162113,30162133,30162137,30162161,30162169,30162179,
(1867330) | 30162191,30162193,30162227,30162229,30162257,30162263,30162313,30162323,30162343,30162389,30162409,30162439,30162491,30162497,30162521,30162527,30162533,30162547,30162569,30162577,
(1867350) | 30162599,30162617,30162631,30162647,30162653,30162667,30162677,30162679,30162689,30162707,30162739,30162761,30162779,30162787,30162793,30162809,30162817,30162833,30162851,30162863,
(1867370) | 30162893,30162917,30162919,30162941,30162949,30162961,30162971,30162973,30162991,30163009,30163033,30163043,30163073,30163099,30163121,30163129,30163141,30163157,30163223,30163229,
(1867390) | 30163247,30163267,30163271,30163291,30163297,30163303,30163351,30163369,30163379,30163433,30163439,30163453,30163477,30163489,30163499,30163513,30163531,30163541,30163561,30163591,
(1867410) | 30163607,30163681,30163687,30163703,30163717,30163723,30163739,30163747,30163753,30163759,30163781,30163807,30163813,30163817,30163841,30163867,30163873,30163877,30163883,30163901,
(1867430) | 30163907,30163909,30163937,30163949,30163979,30163981,30163999,30164011,30164033,30164047,30164053,30164081,30164087,30164117,30164119,30164143,30164149,30164161,30164219,30164297,
(1867450) | 30164311,30164353,30164359,30164383,30164389,30164401,30164417,30164447,30164461,30164467,30164471,30164501,30164521,30164527,30164531,30164557,30164573,30164587,30164593,30164597,
(1867470) | 30164623,30164627,30164653,30164663,30164671,30164677,30164689,30164699,30164711,30164737,30164747,30164759,30164789,30164803,30164833,30164857,30164863,30164873,30164933,30164957,
(1867490) | 30164993,30165001,30165013,30165019,30165061,30165097,30165127,30165151,30165173,30165221,30165257,30165283,30165313,30165329,30165347,30165371,30165383,30165389,30165451,30165467,
(1867510) | 30165469,30165479,30165523,30165529,30165593,30165601,30165607,30165613,30165623,30165643,30165647,30165649,30165671,30165677,30165691,30165743,30165799,30165853,30165899,30165907,
(1867530) | 30165917,30165923,30165931,30165937,30165953,30165959,30165979,30165997,30166021,30166033,30166039,30166043,30166049,30166099,30166139,30166153,30166163,30166181,30166187,30166219,
(1867550) | 30166223,30166231,30166237,30166249,30166259,30166261,30166273,30166289,30166309,30166337,30166361,30166369,30166393,30166417,30166427,30166429,30166439,30166453,30166463,30166469,
(1867570) | 30166519,30166531,30166541,30166553,30166589,30166597,30166601,30166603,30166651,30166657,30166663,30166667,30166679,30166681,30166733,30166783,30166793,30166837,30166841,30166847,
(1867590) | 30166859,30166883,30166897,30166901,30166933,30166943,30166957,30166967,30166979,30166991,30167023,30167029,30167069,30167077,30167087,30167107,30167131,30167143,30167147,30167153,
(1867610) | 30167161,30167171,30167213,30167227,30167281,30167327,30167341,30167359,30167363,30167369,30167399,30167411,30167419,30167443,30167447,30167471,30167477,30167491,30167509,30167521,
(1867630) | 30167539,30167549,30167563,30167591,30167593,30167629,30167647,30167659,30167693,30167701,30167717,30167719,30167729,30167737,30167747,30167771,30167777,30167779,30167807,30167827,
(1867650) | 30167831,30167849,30167869,30167887,30167957,30167959,30167981,30168001,30168011,30168037,30168059,30168079,30168097,30168101,30168107,30168119,30168137,30168161,30168163,30168167,
(1867670) | 30168233,30168247,30168277,30168311,30168317,30168337,30168349,30168367,30168373,30168377,30168379,30168449,30168451,30168461,30168511,30168517,30168553,30168581,30168623,30168631,
(1867690) | 30168643,30168683,30168737,30168763,30168769,30168799,30168811,30168821,30168833,30168851,30168869,30168881,30168913,30168947,30168959,30168967,30169039,30169049,30169081,30169091,
(1867710) | 30169109,30169133,30169141,30169189,30169211,30169213,30169241,30169247,30169259,30169267,30169289,30169291,30169301,30169303,30169313,30169333,30169343,30169351,30169361,30169369,
(1867730) | 30169409,30169411,30169427,30169429,30169439,30169453,30169457,30169459,30169463,30169493,30169499,30169501,30169523,30169553,30169589,30169597,30169621,30169637,30169639,30169661,
(1867750) | 30169681,30169691,30169697,30169717,30169759,30169771,30169801,30169819,30169823,30169847,30169861,30169871,30169877,30169897,30169901,30169907,30169933,30169939,30169943,30169963,
(1867770) | 30169981,30169987,30169999,30170017,30170027,30170029,30170057,30170071,30170083,30170093,30170117,30170149,30170171,30170183,30170213,30170221,30170249,30170269,30170293,30170297,
(1867790) | 30170311,30170317,30170323,30170333,30170341,30170351,30170363,30170369,30170401,30170407,30170447,30170449,30170453,30170467,30170489,30170507,30170519,30170587,30170617,30170627,
(1867810) | 30170639,30170659,30170671,30170713,30170717,30170729,30170731,30170743,30170807,30170813,30170849,30170867,30170891,30170909,30170927,30170941,30170951,30170983,30170989,30170999,
(1867830) | 30171017,30171041,30171059,30171077,30171131,30171139,30171143,30171157,30171173,30171179,30171181,30171187,30171199,30171233,30171241,30171269,30171289,30171299,30171301,30171307,
(1867850) | 30171319,30171341,30171353,30171359,30171371,30171419,30171439,30171451,30171467,30171473,30171499,30171511,30171529,30171553,30171569,30171577,30171593,30171611,30171619,30171707,
(1867870) | 30171727,30171737,30171751,30171769,30171781,30171797,30171839,30171851,30171863,30171871,30171887,30171899,30171901,30171913,30171931,30171937,30171971,30172001,30172013,30172039,
(1867890) | 30172063,30172081,30172091,30172117,30172139,30172147,30172169,30172183,30172189,30172193,30172199,30172201,30172213,30172217,30172237,30172249,30172253,30172271,30172273,30172291,
(1867910) | 30172301,30172309,30172319,30172333,30172349,30172379,30172421,30172447,30172451,30172453,30172463,30172489,30172507,30172537,30172547,30172553,30172559,30172561,30172567,30172577,
(1867930) | 30172601,30172607,30172643,30172661,30172663,30172687,30172693,30172721,30172729,30172733,30172763,30172771,30172781,30172783,30172819,30172867,30172903,30172973,30172999,30173009,
(1867950) | 30173027,30173051,30173063,30173141,30173183,30173189,30173203,30173207,30173219,30173233,30173257,30173279,30173281,30173287,30173293,30173347,30173357,30173399,30173413,30173431,
(1867970) | 30173443,30173459,30173471,30173477,30173503,30173519,30173551,30173557,30173567,30173569,30173593,30173597,30173621,30173641,30173669,30173681,30173683,30173687,30173701,30173713,
(1867990) | 30173719,30173753,30173771,30173777,30173783,30173797,30173807,30173809,30173837,30173863,30173867,30173873,30173911,30173921,30173933,30173939,30173951,30173959,30173977,30173993,
(1868010) | 30174017,30174037,30174041,30174049,30174083,30174097,30174101,30174103,30174121,30174127,30174149,30174163,30174217,30174241,30174247,30174251,30174281,30174307,30174323,30174349,
(1868030) | 30174359,30174379,30174383,30174427,30174449,30174493,30174497,30174509,30174511,30174523,30174533,30174539,30174559,30174583,30174593,30174607,30174619,30174629,30174631,30174637,
(1868050) | 30174667,30174673,30174701,30174707,30174719,30174737,30174743,30174817,30174829,30174841,30174917,30174923,30174941,30174961,30174973,30174979,30175001,30175009,30175039,30175043,
(1868070) | 30175069,30175087,30175127,30175129,30175133,30175147,30175169,30175193,30175219,30175267,30175273,30175291,30175309,30175319,30175339,30175351,30175367,30175403,30175417,30175427,
(1868090) | 30175429,30175469,30175487,30175507,30175511,30175513,30175567,30175571,30175577,30175643,30175657,30175681,30175687,30175693,30175699,30175703,30175721,30175751,30175759,30175771,
(1868110) | 30175787,30175829,30175837,30175853,30175861,30175879,30175883,30175889,30175891,30175913,30175919,30175987,30175993,30175997,30176011,30176039,30176057,30176077,30176093,30176099,
(1868130) | 30176101,30176131,30176143,30176147,30176149,30176171,30176191,30176221,30176233,30176249,30176261,30176297,30176347,30176371,30176381,30176383,30176387,30176401,30176407,30176413,
(1868150) | 30176417,30176431,30176449,30176473,30176507,30176519,30176527,30176539,30176543,30176551,30176561,30176567,30176591,30176593,30176623,30176651,30176677,30176681,30176687,30176701,
(1868170) | 30176723,30176743,30176747,30176749,30176771,30176777,30176803,30176827,30176843,30176873,30176899,30176903,30176947,30176987,30177011,30177019,30177031,30177061,30177071,30177079,
(1868190) | 30177097,30177109,30177137,30177151,30177157,30177221,30177233,30177239,30177253,30177281,30177283,30177293,30177341,30177347,30177361,30177383,30177419,30177421,30177439,30177451,
(1868210) | 30177457,30177463,30177467,30177473,30177481,30177503,30177509,30177523,30177551,30177557,30177559,30177569,30177571,30177577,30177583,30177593,30177629,30177647,30177649,30177683,
(1868230) | 30177691,30177727,30177731,30177743,30177761,30177773,30177799,30177827,30177857,30177869,30177881,30177913,30177923,30177937,30177943,30177967,30177971,30177997,30178003,30178037,
(1868250) | 30178039,30178063,30178153,30178163,30178171,30178201,30178229,30178249,30178259,30178297,30178301,30178321,30178331,30178361,30178373,30178391,30178397,30178409,30178427,30178433,
(1868270) | 30178453,30178457,30178459,30178471,30178481,30178493,30178513,30178523,30178529,30178541,30178567,30178579,30178597,30178607,30178613,30178657,30178661,30178663,30178667,30178679,
(1868290) | 30178703,30178727,30178741,30178781,30178787,30178789,30178793,30178807,30178843,30178847,30178849,30178867,30178919,30178933,30178943,30178949,30178997,30178999,30179069,30179081,
(1868310) | 30179113,30179117,30179141,30179143,30179153,30179159,30179173,30179179,30179209,30179269,30179273,30179327,30179329,30179333,30179363,30179393,30179407,30179411,30179453,30179477,
(1868330) | 30179483,30179491,30179509,30179521,30179533,30179551,30179557,30179561,30179563,30179663,30179683,30179693,30179717,30179741,30179761,30179789,30179839,30179861,30179873,30179909,
(1868350) | 30179921,30179959,30179987,30180001,30180047,30180061,30180077,30180089,30180091,30180103,30180119,30180127,30180131,30180169,30180179,30180181,30180191,30180193,30180221,30180229,
(1868370) | 30180259,30180277,30180307,30180323,30180349,30180361,30180401,30180431,30180443,30180461,30180487,30180497,30180509,30180511,30180529,30180547,30180589,30180611,30180613,30180617,
(1868390) | 30180629,30180637,30180649,30180659,30180673,30180679,30180707,30180713,30180727,30180739,30180749,30180757,30180791,30180803,30180817,30180827,30180847,30180859,30180869,30180877,
(1868410) | 30180889,30180929,30180947,30180971,30180973,30180977,30181027,30181033,30181117,30181127,30181133,30181157,30181181,30181201,30181211,30181213,30181219,30181223,30181241,30181297,
(1868430) | 30181301,30181303,30181351,30181357,30181387,30181429,30181439,30181441,30181447,30181457,30181469,30181471,30181493,30181537,30181553,30181559,30181561,30181577,30181583,30181601,
(1868450) | 30181607,30181609,30181621,30181649,30181673,30181687,30181717,30181741,30181757,30181771,30181793,30181799,30181831,30181843,30181847,30181859,30181873,30181883,30181889,30181891,
(1868470) | 30181897,30181901,30181913,30181927,30181933,30181951,30181967,30181969,30181999,30182023,30182063,30182071,30182101,30182107,30182111,30182137,30182149,30182153,30182161,30182183,
(1868490) | 30182213,30182249,30182263,30182287,30182291,30182297,30182311,30182329,30182351,30182363,30182441,30182459,30182473,30182479,30182501,30182527,30182539,30182543,30182549,30182557,
(1868510) | 30182569,30182573,30182609,30182611,30182627,30182641,30182657,30182671,30182699,30182723,30182743,30182749,30182771,30182777,30182783,30182797,30182813,30182857,30182879,30182891,
(1868530) | 30182921,30182951,30183029,30183037,30183047,30183073,30183089,30183133,30183149,30183151,30183163,30183203,30183217,30183221,30183233,30183247,30183271,30183277,30183281,30183289,
(1868550) | 30183301,30183323,30183359,30183389,30183401,30183409,30183427,30183431,30183443,30183467,30183469,30183473,30183481,30183487,30183493,30183497,30183511,30183557,30183583,30183607,
(1868570) | 30183617,30183641,30183649,30183679,30183689,30183691,30183707,30183757,30183763,30183779,30183787,30183793,30183817,30183827,30183833,30183877,30183883,30183911,30183919,30183929,
(1868590) | 30183943,30183949,30184003,30184009,30184031,30184087,30184097,30184109,30184117,30184123,30184181,30184201,30184213,30184243,30184277,30184283,30184291,30184309,30184321,30184327,
(1868610) | 30184351,30184373,30184381,30184391,30184403,30184433,30184463,30184477,30184499,30184523,30184529,30184541,30184543,30184549,30184573,30184589,30184603,30184631,30184633,30184657,
(1868630) | 30184681,30184699,30184709,30184729,30184757,30184769,30184771,30184783,30184789,30184801,30184811,30184831,30184837,30184841,30184849,30184879,30184909,30184919,30184937,30184963,
(1868650) | 30184997,30185017,30185033,30185059,30185069,30185087,30185093,30185107,30185119,30185123,30185137,30185159,30185173,30185209,30185219,30185231,30185257,30185263,30185273,30185321,
(1868670) | 30185339,30185341,30185369,30185371,30185401,30185411,30185429,30185431,30185447,30185459,30185473,30185483,30185531,30185539,30185543,30185563,30185581,30185593,30185627,30185633,
(1868690) | 30185641,30185651,30185669,30185671,30185677,30185681,30185759,30185773,30185783,30185791,30185833,30185843,30185879,30185893,30185917,30185923,30185929,30185941,30185951,30185977,
(1868710) | 30185989,30186001,30186031,30186047,30186049,30186053,30186061,30186083,30186103,30186131,30186139,30186161,30186179,30186181,30186197,30186239,30186241,30186257,30186263,30186283,
(1868730) | 30186287,30186319,30186323,30186329,30186341,30186349,30186367,30186379,30186437,30186439,30186451,30186493,30186523,30186553,30186581,30186589,30186599,30186631,30186641,30186647,
(1868750) | 30186661,30186671,30186683,30186697,30186703,30186721,30186749,30186791,30186797,30186799,30186803,30186811,30186823,30186829,30186847,30186853,30186859,30186881,30186913,30186929,
(1868770) | 30186973,30186979,30186997,30187007,30187013,30187021,30187039,30187049,30187061,30187099,30187117,30187133,30187147,30187151,30187177,30187187,30187229,30187249,30187303,30187307,
(1868790) | 30187321,30187331,30187337,30187379,30187387,30187429,30187433,30187481,30187499,30187511,30187513,30187517,30187543,30187571,30187601,30187607,30187609,30187613,30187621,30187639,
(1868810) | 30187657,30187667,30187673,30187679,30187691,30187711,30187727,30187739,30187747,30187757,30187777,30187783,30187841,30187867,30187889,30187897,30187919,30187939,30187943,30187957,
(1868830) | 30188023,30188047,30188051,30188069,30188077,30188099,30188113,30188129,30188143,30188173,30188183,30188219,30188233,30188239,30188251,30188261,30188267,30188273,30188287,30188293,
(1868850) | 30188299,30188309,30188317,30188339,30188357,30188363,30188369,30188371,30188377,30188381,30188393,30188399,30188401,30188407,30188453,30188479,30188527,30188539,30188563,30188567,
(1868870) | 30188569,30188573,30188591,30188611,30188621,30188629,30188657,30188687,30188693,30188723,30188729,30188731,30188737,30188759,30188783,30188791,30188803,30188827,30188863,30188869,
(1868890) | 30188911,30188953,30188969,30189007,30189013,30189017,30189023,30189031,30189073,30189101,30189109,30189113,30189167,30189169,30189199,30189221,30189241,30189281,30189287,30189293,
(1868910) | 30189307,30189323,30189349,30189353,30189371,30189391,30189421,30189437,30189451,30189469,30189487,30189529,30189559,30189583,30189587,30189589,30189611,30189623,30189647,30189683,
(1868930) | 30189707,30189751,30189767,30189791,30189811,30189821,30189833,30189847,30189851,30189881,30189889,30189911,30189923,30189931,30189941,30189959,30189983,30190009,30190037,30190049,
(1868950) | 30190067,30190081,30190141,30190151,30190159,30190169,30190177,30190201,30190211,30190217,30190219,30190243,30190253,30190291,30190301,30190327,30190333,30190339,30190361,30190379,
(1868970) | 30190397,30190399,30190417,30190423,30190441,30190463,30190471,30190519,30190543,30190579,30190583,30190597,30190607,30190609,30190613,30190627,30190663,30190717,30190729,30190733,
(1868990) | 30190739,30190751,30190757,30190777,30190837,30190843,30190903,30190907,30190969,30190987,30190991,30190999,30191017,30191027,30191053,30191069,30191081,30191123,30191137,30191141,
(1869010) | 30191159,30191207,30191237,30191261,30191263,30191311,30191321,30191363,30191377,30191383,30191417,30191419,30191443,30191449,30191467,30191471,30191501,30191521,30191533,30191549,
(1869030) | 30191563,30191591,30191597,30191647,30191653,30191687,30191717,30191729,30191731,30191743,30191771,30191783,30191789,30191797,30191803,30191809,30191857,30191879,30191897,30191899,
(1869050) | 30191911,30191921,30191933,30191947,30191999,30192013,30192049,30192053,30192061,30192101,30192157,30192179,30192181,30192203,30192209,30192223,30192229,30192241,30192251,30192257,
(1869070) | 30192263,30192269,30192313,30192319,30192343,30192361,30192367,30192401,30192403,30192413,30192433,30192439,30192469,30192517,30192521,30192551,30192557,30192571,30192647,30192649,
(1869090) | 30192677,30192709,30192713,30192733,30192739,30192763,30192779,30192781,30192793,30192823,30192887,30192889,30192893,30192907,30192937,30192949,30192959,30192961,30192971,30192989,
(1869110) | 30193001,30193021,30193027,30193057,30193067,30193069,30193091,30193117,30193133,30193151,30193157,30193187,30193193,30193213,30193217,30193237,30193249,30193271,30193279,30193283,
(1869130) | 30193297,30193301,30193307,30193333,30193363,30193391,30193409,30193417,30193447,30193453,30193463,30193477,30193529,30193561,30193571,30193573,30193577,30193601,30193609,30193621,
(1869150) | 30193661,30193703,30193711,30193741,30193759,30193777,30193789,30193799,30193811,30193817,30193829,30193837,30193847,30193861,30193913,30193931,30193937,30193949,30193973,30193979,
(1869170) | 30193987,30194027,30194029,30194039,30194053,30194077,30194113,30194137,30194149,30194161,30194221,30194231,30194243,30194251,30194267,30194291,30194303,30194317,30194323,30194369,
(1869190) | 30194399,30194429,30194441,30194453,30194467,30194473,30194497,30194501,30194503,30194519,30194531,30194579,30194581,30194599,30194603,30194611,30194621,30194623,30194639,30194641,
(1869210) | 30194677,30194687,30194707,30194719,30194741,30194753,30194761,30194783,30194807,30194851,30194861,30194891,30194903,30194911,30194921,30194953,30194959,30194977,30195013,30195029,
(1869230) | 30195037,30195041,30195059,30195083,30195089,30195097,30195127,30195149,30195157,30195163,30195167,30195173,30195181,30195203,30195223,30195233,30195239,30195241,30195257,30195283,
(1869250) | 30195307,30195353,30195371,30195391,30195397,30195401,30195413,30195419,30195443,30195449,30195463,30195497,30195509,30195523,30195563,30195629,30195673,30195677,30195679,30195703,
(1869270) | 30195707,30195709,30195713,30195727,30195751,30195779,30195797,30195799,30195827,30195833,30195839,30195853,30195863,30195871,30195877,30195881,30195887,30195889,30195899,30195929,
(1869290) | 30195937,30195947,30195983,30196007,30196013,30196021,30196031,30196051,30196081,30196099,30196123,30196129,30196151,30196157,30196183,30196223,30196247,30196253,30196289,30196303,
(1869310) | 30196319,30196333,30196349,30196351,30196367,30196373,30196381,30196399,30196423,30196487,30196501,30196519,30196547,30196549,30196553,30196571,30196583,30196589,30196619,30196633,
(1869330) | 30196657,30196703,30196711,30196741,30196781,30196783,30196807,30196813,30196823,30196841,30196853,30196897,30196919,30196927,30196937,30196963,30196979,30197003,30197009,30197017,
(1869350) | 30197021,30197029,30197047,30197087,30197113,30197147,30197159,30197173,30197177,30197179,30197191,30197221,30197239,30197249,30197261,30197269,30197273,30197303,30197311,30197341,
(1869370) | 30197347,30197351,30197353,30197371,30197407,30197417,30197429,30197467,30197471,30197473,30197477,30197521,30197527,30197549,30197569,30197579,30197591,30197603,30197617,30197633,
(1869390) | 30197639,30197659,30197663,30197683,30197701,30197719,30197723,30197731,30197743,30197747,30197753,30197777,30197779,30197819,30197833,30197857,30197879,30197887,30197891,30197917,
(1869410) | 30197929,30197939,30197941,30198013,30198043,30198059,30198067,30198071,30198073,30198089,30198097,30198101,30198143,30198191,30198199,30198211,30198257,30198269,30198281,30198283,
(1869430) | 30198317,30198319,30198347,30198349,30198373,30198407,30198419,30198439,30198451,30198457,30198463,30198481,30198523,30198527,30198529,30198533,30198551,30198569,30198577,30198589,
(1869450) | 30198601,30198607,30198617,30198629,30198653,30198661,30198667,30198677,30198689,30198691,30198703,30198731,30198781,30198799,30198811,30198821,30198823,30198827,30198841,30198871,
(1869470) | 30198887,30198901,30198941,30198967,30198983,30198989,30198997,30199007,30199009,30199019,30199031,30199049,30199061,30199073,30199079,30199109,30199129,30199133,30199139,30199159,
(1869490) | 30199163,30199181,30199219,30199223,30199271,30199277,30199339,30199343,30199369,30199387,30199397,30199423,30199441,30199451,30199471,30199517,30199523,30199537,30199541,30199553,
(1869510) | 30199579,30199591,30199597,30199613,30199651,30199679,30199691,30199693,30199699,30199723,30199727,30199751,30199777,30199789,30199843,30199847,30199861,30199879,30199891,30199901,
(1869530) | 30199907,30199919,30199927,30199957,30199997,30199999,
(1869536)